recording_id,class_from_folder,file_path,file_name,_merge,filename,sex,sex01,age_days,label
ZCH0534,ASD,clean Heartsound Data/ASD/ZCH0534.wav,ZCH0534.wav,both,ZCH0534.wav,M,1,850,ASD
ZCH0535,ASD,clean Heartsound Data/ASD/ZCH0535.wav,ZCH0535.wav,both,ZCH0535.wav,F,0,186,ASD
ZCH0536,ASD,clean Heartsound Data/ASD/ZCH0536.wav,ZCH0536.wav,both,ZCH0536.wav,M,1,395,ASD
ZCH0537,ASD,clean Heartsound Data/ASD/ZCH0537.wav,ZCH0537.wav,both,ZCH0537.wav,F,0,198,ASD
ZCH0538,ASD,clean Heartsound Data/ASD/ZCH0538.wav,ZCH0538.wav,both,ZCH0538.wav,F,0,1460,ASD
ZCH0539,ASD,clean Heartsound Data/ASD/ZCH0539.wav,ZCH0539.wav,both,ZCH0539.wav,F,0,185,ASD
ZCH0540,ASD,clean Heartsound Data/ASD/ZCH0540.wav,ZCH0540.wav,both,ZCH0540.wav,F,0,193,ASD
ZCH0541,ASD,clean Heartsound Data/ASD/ZCH0541.wav,ZCH0541.wav,both,ZCH0541.wav,F,0,485,ASD
ZCH0542,ASD,clean Heartsound Data/ASD/ZCH0542.wav,ZCH0542.wav,both,ZCH0542.wav,F,0,134,ASD
ZCH0543,ASD,clean Heartsound Data/ASD/ZCH0543.wav,ZCH0543.wav,both,ZCH0543.wav,M,1,545,ASD
ZCH0544,ASD,clean Heartsound Data/ASD/ZCH0544.wav,ZCH0544.wav,both,ZCH0544.wav,F,0,337,ASD
ZCH0545,ASD,clean Heartsound Data/ASD/ZCH0545.wav,ZCH0545.wav,both,ZCH0545.wav,F,0,425,ASD
ZCH0546,ASD,clean Heartsound Data/ASD/ZCH0546.wav,ZCH0546.wav,both,ZCH0546.wav,F,0,40,ASD
ZCH0547,ASD,clean Heartsound Data/ASD/ZCH0547.wav,ZCH0547.wav,both,ZCH0547.wav,F,0,31,ASD
ZCH0548,ASD,clean Heartsound Data/ASD/ZCH0548.wav,ZCH0548.wav,both,ZCH0548.wav,F,0,3100,ASD
ZCH0549,ASD,clean Heartsound Data/ASD/ZCH0549.wav,ZCH0549.wav,both,ZCH0549.wav,F,0,1550,ASD
ZCH0550,ASD,clean Heartsound Data/ASD/ZCH0550.wav,ZCH0550.wav,both,ZCH0550.wav,M,1,3585,ASD
ZCH0551,ASD,clean Heartsound Data/ASD/ZCH0551.wav,ZCH0551.wav,both,ZCH0551.wav,M,1,2095,ASD
ZCH0552,ASD,clean Heartsound Data/ASD/ZCH0552.wav,ZCH0552.wav,both,ZCH0552.wav,F,0,40,ASD
ZCH0553,ASD,clean Heartsound Data/ASD/ZCH0553.wav,ZCH0553.wav,both,ZCH0553.wav,F,0,80,ASD
ZCH0554,ASD,clean Heartsound Data/ASD/ZCH0554.wav,ZCH0554.wav,both,ZCH0554.wav,M,1,202,ASD
ZCH0555,ASD,clean Heartsound Data/ASD/ZCH0555.wav,ZCH0555.wav,both,ZCH0555.wav,F,0,127,ASD
ZCH0556,ASD,clean Heartsound Data/ASD/ZCH0556.wav,ZCH0556.wav,both,ZCH0556.wav,M,1,180,ASD
ZCH0557,ASD,clean Heartsound Data/ASD/ZCH0557.wav,ZCH0557.wav,both,ZCH0557.wav,M,1,93,ASD
ZCH0558,ASD,clean Heartsound Data/ASD/ZCH0558.wav,ZCH0558.wav,both,ZCH0558.wav,M,1,455,ASD
ZCH0559,ASD,clean Heartsound Data/ASD/ZCH0559.wav,ZCH0559.wav,both,ZCH0559.wav,F,0,730,ASD
ZCH0560,ASD,clean Heartsound Data/ASD/ZCH0560.wav,ZCH0560.wav,both,ZCH0560.wav,M,1,1730,ASD
ZCH0561,ASD,clean Heartsound Data/ASD/ZCH0561.wav,ZCH0561.wav,both,ZCH0561.wav,M,1,485,ASD
ZCH0562,ASD,clean Heartsound Data/ASD/ZCH0562.wav,ZCH0562.wav,both,ZCH0562.wav,M,1,82,ASD
ZCH0563,ASD,clean Heartsound Data/ASD/ZCH0563.wav,ZCH0563.wav,both,ZCH0563.wav,F,0,4105,ASD
ZCH0564,ASD,clean Heartsound Data/ASD/ZCH0564.wav,ZCH0564.wav,both,ZCH0564.wav,M,1,62,ASD
ZCH0565,ASD,clean Heartsound Data/ASD/ZCH0565.wav,ZCH0565.wav,both,ZCH0565.wav,F,0,150,ASD
ZCH0566,ASD,clean Heartsound Data/ASD/ZCH0566.wav,ZCH0566.wav,both,ZCH0566.wav,F,0,455,ASD
ZCH0567,ASD,clean Heartsound Data/ASD/ZCH0567.wav,ZCH0567.wav,both,ZCH0567.wav,M,1,2825,ASD
ZCH0568,ASD,clean Heartsound Data/ASD/ZCH0568.wav,ZCH0568.wav,both,ZCH0568.wav,F,0,97,ASD
ZCH0569,ASD,clean Heartsound Data/ASD/ZCH0569.wav,ZCH0569.wav,both,ZCH0569.wav,F,0,159,ASD
ZCH0570,ASD,clean Heartsound Data/ASD/ZCH0570.wav,ZCH0570.wav,both,ZCH0570.wav,M,1,101,ASD
ZCH0571,ASD,clean Heartsound Data/ASD/ZCH0571.wav,ZCH0571.wav,both,ZCH0571.wav,F,0,56,ASD
ZCH0572,ASD,clean Heartsound Data/ASD/ZCH0572.wav,ZCH0572.wav,both,ZCH0572.wav,M,1,79,ASD
ZCH0573,ASD,clean Heartsound Data/ASD/ZCH0573.wav,ZCH0573.wav,both,ZCH0573.wav,F,0,97,ASD
ZCH0574,ASD,clean Heartsound Data/ASD/ZCH0574.wav,ZCH0574.wav,both,ZCH0574.wav,F,0,5045,ASD
ZCH0575,ASD,clean Heartsound Data/ASD/ZCH0575.wav,ZCH0575.wav,both,ZCH0575.wav,M,1,790,ASD
ZCH0576,ASD,clean Heartsound Data/ASD/ZCH0576.wav,ZCH0576.wav,both,ZCH0576.wav,F,0,545,ASD
ZCH0577,ASD,clean Heartsound Data/ASD/ZCH0577.wav,ZCH0577.wav,both,ZCH0577.wav,F,0,68,ASD
ZCH0578,ASD,clean Heartsound Data/ASD/ZCH0578.wav,ZCH0578.wav,both,ZCH0578.wav,F,0,118,ASD
ZCH0579,ASD,clean Heartsound Data/ASD/ZCH0579.wav,ZCH0579.wav,both,ZCH0579.wav,F,0,91,ASD
ZCH0580,ASD,clean Heartsound Data/ASD/ZCH0580.wav,ZCH0580.wav,both,ZCH0580.wav,F,0,820,ASD
ZCH0581,ASD,clean Heartsound Data/ASD/ZCH0581.wav,ZCH0581.wav,both,ZCH0581.wav,M,1,665,ASD
ZCH0582,ASD,clean Heartsound Data/ASD/ZCH0582.wav,ZCH0582.wav,both,ZCH0582.wav,M,1,1275,ASD
ZCH0583,ASD,clean Heartsound Data/ASD/ZCH0583.wav,ZCH0583.wav,both,ZCH0583.wav,F,0,790,ASD
ZCH0584,ASD,clean Heartsound Data/ASD/ZCH0584.wav,ZCH0584.wav,both,ZCH0584.wav,F,0,250,ASD
ZCH0585,ASD,clean Heartsound Data/ASD/ZCH0585.wav,ZCH0585.wav,both,ZCH0585.wav,F,0,202,ASD
ZCH0586,ASD,clean Heartsound Data/ASD/ZCH0586.wav,ZCH0586.wav,both,ZCH0586.wav,F,0,1335,ASD
ZCH0587,ASD,clean Heartsound Data/ASD/ZCH0587.wav,ZCH0587.wav,both,ZCH0587.wav,F,0,605,ASD
ZCH0588,ASD,clean Heartsound Data/ASD/ZCH0588.wav,ZCH0588.wav,both,ZCH0588.wav,F,0,365,ASD
ZCH0589,ASD,clean Heartsound Data/ASD/ZCH0589.wav,ZCH0589.wav,both,ZCH0589.wav,F,0,1520,ASD
ZCH0590,ASD,clean Heartsound Data/ASD/ZCH0590.wav,ZCH0590.wav,both,ZCH0590.wav,F,0,351,ASD
ZCH0591,ASD,clean Heartsound Data/ASD/ZCH0591.wav,ZCH0591.wav,both,ZCH0591.wav,M,1,760,ASD
ZCH0592,ASD,clean Heartsound Data/ASD/ZCH0592.wav,ZCH0592.wav,both,ZCH0592.wav,F,0,605,ASD
ZCH0593,ASD,clean Heartsound Data/ASD/ZCH0593.wav,ZCH0593.wav,both,ZCH0593.wav,F,0,395,ASD
ZCH0594,ASD,clean Heartsound Data/ASD/ZCH0594.wav,ZCH0594.wav,both,ZCH0594.wav,F,0,189,ASD
ZCH0595,ASD,clean Heartsound Data/ASD/ZCH0595.wav,ZCH0595.wav,both,ZCH0595.wav,M,1,177,ASD
ZCH0596,ASD,clean Heartsound Data/ASD/ZCH0596.wav,ZCH0596.wav,both,ZCH0596.wav,M,1,1460,ASD
ZCH0597,ASD,clean Heartsound Data/ASD/ZCH0597.wav,ZCH0597.wav,both,ZCH0597.wav,F,0,51,ASD
ZCH0598,ASD,clean Heartsound Data/ASD/ZCH0598.wav,ZCH0598.wav,both,ZCH0598.wav,F,0,200,ASD
ZCH0599,ASD,clean Heartsound Data/ASD/ZCH0599.wav,ZCH0599.wav,both,ZCH0599.wav,M,1,60,ASD
ZCH0600,ASD,clean Heartsound Data/ASD/ZCH0600.wav,ZCH0600.wav,both,ZCH0600.wav,M,1,970,ASD
ZCH0601,ASD,clean Heartsound Data/ASD/ZCH0601.wav,ZCH0601.wav,both,ZCH0601.wav,M,1,41,ASD
ZCH0602,ASD,clean Heartsound Data/ASD/ZCH0602.wav,ZCH0602.wav,both,ZCH0602.wav,M,1,182,ASD
ZCH0603,ASD,clean Heartsound Data/ASD/ZCH0603.wav,ZCH0603.wav,both,ZCH0603.wav,M,1,1095,ASD
ZCH0604,ASD,clean Heartsound Data/ASD/ZCH0604.wav,ZCH0604.wav,both,ZCH0604.wav,F,0,940,ASD
ZCH0605,ASD,clean Heartsound Data/ASD/ZCH0605.wav,ZCH0605.wav,both,ZCH0605.wav,F,0,545,ASD
ZCH0606,ASD,clean Heartsound Data/ASD/ZCH0606.wav,ZCH0606.wav,both,ZCH0606.wav,F,0,30,ASD
ZCH0607,ASD,clean Heartsound Data/ASD/ZCH0607.wav,ZCH0607.wav,both,ZCH0607.wav,F,0,25,ASD
ZCH0608,ASD,clean Heartsound Data/ASD/ZCH0608.wav,ZCH0608.wav,both,ZCH0608.wav,M,1,2520,ASD
ZCH0609,ASD,clean Heartsound Data/ASD/ZCH0609.wav,ZCH0609.wav,both,ZCH0609.wav,M,1,29,ASD
ZCH0610,ASD,clean Heartsound Data/ASD/ZCH0610.wav,ZCH0610.wav,both,ZCH0610.wav,M,1,4680,ASD
ZCH0611,ASD,clean Heartsound Data/ASD/ZCH0611.wav,ZCH0611.wav,both,ZCH0611.wav,F,0,2920,ASD
ZCH0612,ASD,clean Heartsound Data/ASD/ZCH0612.wav,ZCH0612.wav,both,ZCH0612.wav,M,1,365,ASD
ZCH0613,ASD,clean Heartsound Data/ASD/ZCH0613.wav,ZCH0613.wav,both,ZCH0613.wav,F,0,174,ASD
ZCH0614,ASD,clean Heartsound Data/ASD/ZCH0614.wav,ZCH0614.wav,both,ZCH0614.wav,M,1,1640,ASD
ZCH0615,ASD,clean Heartsound Data/ASD/ZCH0615.wav,ZCH0615.wav,both,ZCH0615.wav,M,1,1095,ASD
ZCH0616,ASD,clean Heartsound Data/ASD/ZCH0616.wav,ZCH0616.wav,both,ZCH0616.wav,M,1,238,ASD
ZCH0617,ASD,clean Heartsound Data/ASD/ZCH0617.wav,ZCH0617.wav,both,ZCH0617.wav,F,0,1275,ASD
ZCH0618,ASD,clean Heartsound Data/ASD/ZCH0618.wav,ZCH0618.wav,both,ZCH0618.wav,M,1,1275,ASD
ZCH0619,ASD,clean Heartsound Data/ASD/ZCH0619.wav,ZCH0619.wav,both,ZCH0619.wav,F,0,286,ASD
ZCH0620,ASD,clean Heartsound Data/ASD/ZCH0620.wav,ZCH0620.wav,both,ZCH0620.wav,F,0,3040,ASD
ZCH0621,ASD,clean Heartsound Data/ASD/ZCH0621.wav,ZCH0621.wav,both,ZCH0621.wav,M,1,395,ASD
ZCH0622,ASD,clean Heartsound Data/ASD/ZCH0622.wav,ZCH0622.wav,both,ZCH0622.wav,F,0,156,ASD
ZCH0623,ASD,clean Heartsound Data/ASD/ZCH0623.wav,ZCH0623.wav,both,ZCH0623.wav,M,1,336,ASD
ZCH0624,ASD,clean Heartsound Data/ASD/ZCH0624.wav,ZCH0624.wav,both,ZCH0624.wav,M,1,90,ASD
ZCH0625,ASD,clean Heartsound Data/ASD/ZCH0625.wav,ZCH0625.wav,both,ZCH0625.wav,M,1,3830,ASD
ZCH0626,ASD,clean Heartsound Data/ASD/ZCH0626.wav,ZCH0626.wav,both,ZCH0626.wav,F,0,60,ASD
ZCH0627,ASD,clean Heartsound Data/ASD/ZCH0627.wav,ZCH0627.wav,both,ZCH0627.wav,M,1,228,ASD
ZCH0628,ASD,clean Heartsound Data/ASD/ZCH0628.wav,ZCH0628.wav,both,ZCH0628.wav,M,1,14,ASD
ZCH0629,ASD,clean Heartsound Data/ASD/ZCH0629.wav,ZCH0629.wav,both,ZCH0629.wav,F,0,180,ASD
ZCH0630,ASD,clean Heartsound Data/ASD/ZCH0630.wav,ZCH0630.wav,both,ZCH0630.wav,F,0,113,ASD
ZCH0631,ASD,clean Heartsound Data/ASD/ZCH0631.wav,ZCH0631.wav,both,ZCH0631.wav,F,0,188,ASD
ZCH0632,ASD,clean Heartsound Data/ASD/ZCH0632.wav,ZCH0632.wav,both,ZCH0632.wav,F,0,135,ASD
ZCH0633,ASD,clean Heartsound Data/ASD/ZCH0633.wav,ZCH0633.wav,both,ZCH0633.wav,F,0,123,ASD
ZCH0634,ASD,clean Heartsound Data/ASD/ZCH0634.wav,ZCH0634.wav,both,ZCH0634.wav,F,0,189,ASD
ZCH0635,ASD,clean Heartsound Data/ASD/ZCH0635.wav,ZCH0635.wav,both,ZCH0635.wav,F,0,281,ASD
ZCH0636,ASD,clean Heartsound Data/ASD/ZCH0636.wav,ZCH0636.wav,both,ZCH0636.wav,F,0,352,ASD
ZCH0637,ASD,clean Heartsound Data/ASD/ZCH0637.wav,ZCH0637.wav,both,ZCH0637.wav,F,0,605,ASD
ZCH0638,ASD,clean Heartsound Data/ASD/ZCH0638.wav,ZCH0638.wav,both,ZCH0638.wav,F,0,760,ASD
ZCH0639,ASD,clean Heartsound Data/ASD/ZCH0639.wav,ZCH0639.wav,both,ZCH0639.wav,M,1,318,ASD
ZCH0640,ASD,clean Heartsound Data/ASD/ZCH0640.wav,ZCH0640.wav,both,ZCH0640.wav,M,1,2980,ASD
ZCH0641,ASD,clean Heartsound Data/ASD/ZCH0641.wav,ZCH0641.wav,both,ZCH0641.wav,M,1,575,ASD
ZCH0642,ASD,clean Heartsound Data/ASD/ZCH0642.wav,ZCH0642.wav,both,ZCH0642.wav,F,0,2190,ASD
ZCH0643,ASD,clean Heartsound Data/ASD/ZCH0643.wav,ZCH0643.wav,both,ZCH0643.wav,F,0,455,ASD
ZCH0644,ASD,clean Heartsound Data/ASD/ZCH0644.wav,ZCH0644.wav,both,ZCH0644.wav,F,0,2220,ASD
ZCH0645,ASD,clean Heartsound Data/ASD/ZCH0645.wav,ZCH0645.wav,both,ZCH0645.wav,F,0,1395,ASD
ZCH0646,ASD,clean Heartsound Data/ASD/ZCH0646.wav,ZCH0646.wav,both,ZCH0646.wav,F,0,2155,ASD
ZCH0647,ASD,clean Heartsound Data/ASD/ZCH0647.wav,ZCH0647.wav,both,ZCH0647.wav,F,0,2190,ASD
ZCH0648,ASD,clean Heartsound Data/ASD/ZCH0648.wav,ZCH0648.wav,both,ZCH0648.wav,M,1,1945,ASD
ZCH0649,ASD,clean Heartsound Data/ASD/ZCH0649.wav,ZCH0649.wav,both,ZCH0649.wav,F,0,244,ASD
ZCH0650,ASD,clean Heartsound Data/ASD/ZCH0650.wav,ZCH0650.wav,both,ZCH0650.wav,M,1,880,ASD
ZCH0651,ASD,clean Heartsound Data/ASD/ZCH0651.wav,ZCH0651.wav,both,ZCH0651.wav,F,0,365,ASD
ZCH0652,ASD,clean Heartsound Data/ASD/ZCH0652.wav,ZCH0652.wav,both,ZCH0652.wav,M,1,635,ASD
ZCH0001,NORMAL,clean Heartsound Data/NORMAL/ZCH0001.wav,ZCH0001.wav,both,ZCH0001.wav,M,1,2310,NORMAL
ZCH0002,NORMAL,clean Heartsound Data/NORMAL/ZCH0002.wav,ZCH0002.wav,both,ZCH0002.wav,M,1,3375,NORMAL
ZCH0003,NORMAL,clean Heartsound Data/NORMAL/ZCH0003.wav,ZCH0003.wav,both,ZCH0003.wav,M,1,2190,NORMAL
ZCH0004,NORMAL,clean Heartsound Data/NORMAL/ZCH0004.wav,ZCH0004.wav,both,ZCH0004.wav,M,1,2155,NORMAL
ZCH0005,NORMAL,clean Heartsound Data/NORMAL/ZCH0005.wav,ZCH0005.wav,both,ZCH0005.wav,M,1,2190,NORMAL
ZCH0006,NORMAL,clean Heartsound Data/NORMAL/ZCH0006.wav,ZCH0006.wav,both,ZCH0006.wav,M,1,194,NORMAL
ZCH0007,NORMAL,clean Heartsound Data/NORMAL/ZCH0007.wav,ZCH0007.wav,both,ZCH0007.wav,M,1,1550,NORMAL
ZCH0008,NORMAL,clean Heartsound Data/NORMAL/ZCH0008.wav,ZCH0008.wav,both,ZCH0008.wav,F,0,2705,NORMAL
ZCH0009,NORMAL,clean Heartsound Data/NORMAL/ZCH0009.wav,ZCH0009.wav,both,ZCH0009.wav,F,0,1395,NORMAL
ZCH0010,NORMAL,clean Heartsound Data/NORMAL/ZCH0010.wav,ZCH0010.wav,both,ZCH0010.wav,M,1,1275,NORMAL
ZCH0011,NORMAL,clean Heartsound Data/NORMAL/ZCH0011.wav,ZCH0011.wav,both,ZCH0011.wav,M,1,1975,NORMAL
ZCH0012,NORMAL,clean Heartsound Data/NORMAL/ZCH0012.wav,ZCH0012.wav,both,ZCH0012.wav,F,0,2065,NORMAL
ZCH0013,NORMAL,clean Heartsound Data/NORMAL/ZCH0013.wav,ZCH0013.wav,both,ZCH0013.wav,F,0,1215,NORMAL
ZCH0014,NORMAL,clean Heartsound Data/NORMAL/ZCH0014.wav,ZCH0014.wav,both,ZCH0014.wav,M,1,2400,NORMAL
ZCH0015,NORMAL,clean Heartsound Data/NORMAL/ZCH0015.wav,ZCH0015.wav,both,ZCH0015.wav,F,0,1245,NORMAL
ZCH0016,NORMAL,clean Heartsound Data/NORMAL/ZCH0016.wav,ZCH0016.wav,both,ZCH0016.wav,M,1,1095,NORMAL
ZCH0017,NORMAL,clean Heartsound Data/NORMAL/ZCH0017.wav,ZCH0017.wav,both,ZCH0017.wav,M,1,1760,NORMAL
ZCH0018,NORMAL,clean Heartsound Data/NORMAL/ZCH0018.wav,ZCH0018.wav,both,ZCH0018.wav,M,1,1790,NORMAL
ZCH0019,NORMAL,clean Heartsound Data/NORMAL/ZCH0019.wav,ZCH0019.wav,both,ZCH0019.wav,M,1,970,NORMAL
ZCH0020,NORMAL,clean Heartsound Data/NORMAL/ZCH0020.wav,ZCH0020.wav,both,ZCH0020.wav,M,1,1185,NORMAL
ZCH0021,NORMAL,clean Heartsound Data/NORMAL/ZCH0021.wav,ZCH0021.wav,both,ZCH0021.wav,M,1,1730,NORMAL
ZCH0022,NORMAL,clean Heartsound Data/NORMAL/ZCH0022.wav,ZCH0022.wav,both,ZCH0022.wav,F,0,1185,NORMAL
ZCH0023,NORMAL,clean Heartsound Data/NORMAL/ZCH0023.wav,ZCH0023.wav,both,ZCH0023.wav,M,1,2035,NORMAL
ZCH0024,NORMAL,clean Heartsound Data/NORMAL/ZCH0024.wav,ZCH0024.wav,both,ZCH0024.wav,F,0,1155,NORMAL
ZCH0025,NORMAL,clean Heartsound Data/NORMAL/ZCH0025.wav,ZCH0025.wav,both,ZCH0025.wav,F,0,1000,NORMAL
ZCH0026,NORMAL,clean Heartsound Data/NORMAL/ZCH0026.wav,ZCH0026.wav,both,ZCH0026.wav,M,1,1365,NORMAL
ZCH0027,NORMAL,clean Heartsound Data/NORMAL/ZCH0027.wav,ZCH0027.wav,both,ZCH0027.wav,M,1,760,NORMAL
ZCH0028,NORMAL,clean Heartsound Data/NORMAL/ZCH0028.wav,ZCH0028.wav,both,ZCH0028.wav,M,1,1155,NORMAL
ZCH0029,NORMAL,clean Heartsound Data/NORMAL/ZCH0029.wav,ZCH0029.wav,both,ZCH0029.wav,F,0,1335,NORMAL
ZCH0030,NORMAL,clean Heartsound Data/NORMAL/ZCH0030.wav,ZCH0030.wav,both,ZCH0030.wav,F,0,880,NORMAL
ZCH0031,NORMAL,clean Heartsound Data/NORMAL/ZCH0031.wav,ZCH0031.wav,both,ZCH0031.wav,M,1,605,NORMAL
ZCH0032,NORMAL,clean Heartsound Data/NORMAL/ZCH0032.wav,ZCH0032.wav,both,ZCH0032.wav,F,0,1305,NORMAL
ZCH0033,NORMAL,clean Heartsound Data/NORMAL/ZCH0033.wav,ZCH0033.wav,both,ZCH0033.wav,F,0,575,NORMAL
ZCH0034,NORMAL,clean Heartsound Data/NORMAL/ZCH0034.wav,ZCH0034.wav,both,ZCH0034.wav,F,0,1610,NORMAL
ZCH0035,NORMAL,clean Heartsound Data/NORMAL/ZCH0035.wav,ZCH0035.wav,both,ZCH0035.wav,F,0,665,NORMAL
ZCH0036,NORMAL,clean Heartsound Data/NORMAL/ZCH0036.wav,ZCH0036.wav,both,ZCH0036.wav,M,1,730,NORMAL
ZCH0037,NORMAL,clean Heartsound Data/NORMAL/ZCH0037.wav,ZCH0037.wav,both,ZCH0037.wav,F,0,635,NORMAL
ZCH0038,NORMAL,clean Heartsound Data/NORMAL/ZCH0038.wav,ZCH0038.wav,both,ZCH0038.wav,F,0,455,NORMAL
ZCH0039,NORMAL,clean Heartsound Data/NORMAL/ZCH0039.wav,ZCH0039.wav,both,ZCH0039.wav,M,1,695,NORMAL
ZCH0040,NORMAL,clean Heartsound Data/NORMAL/ZCH0040.wav,ZCH0040.wav,both,ZCH0040.wav,F,0,2125,NORMAL
ZCH0041,NORMAL,clean Heartsound Data/NORMAL/ZCH0041.wav,ZCH0041.wav,both,ZCH0041.wav,M,1,2370,NORMAL
ZCH0042,NORMAL,clean Heartsound Data/NORMAL/ZCH0042.wav,ZCH0042.wav,both,ZCH0042.wav,F,0,790,NORMAL
ZCH0043,NORMAL,clean Heartsound Data/NORMAL/ZCH0043.wav,ZCH0043.wav,both,ZCH0043.wav,F,0,575,NORMAL
ZCH0044,NORMAL,clean Heartsound Data/NORMAL/ZCH0044.wav,ZCH0044.wav,both,ZCH0044.wav,M,1,455,NORMAL
ZCH0045,NORMAL,clean Heartsound Data/NORMAL/ZCH0045.wav,ZCH0045.wav,both,ZCH0045.wav,F,0,485,NORMAL
ZCH0046,NORMAL,clean Heartsound Data/NORMAL/ZCH0046.wav,ZCH0046.wav,both,ZCH0046.wav,M,1,515,NORMAL
ZCH0047,NORMAL,clean Heartsound Data/NORMAL/ZCH0047.wav,ZCH0047.wav,both,ZCH0047.wav,M,1,365,NORMAL
ZCH0048,NORMAL,clean Heartsound Data/NORMAL/ZCH0048.wav,ZCH0048.wav,both,ZCH0048.wav,M,1,1000,NORMAL
ZCH0049,NORMAL,clean Heartsound Data/NORMAL/ZCH0049.wav,ZCH0049.wav,both,ZCH0049.wav,M,1,455,NORMAL
ZCH0050,NORMAL,clean Heartsound Data/NORMAL/ZCH0050.wav,ZCH0050.wav,both,ZCH0050.wav,M,1,276,NORMAL
ZCH0051,NORMAL,clean Heartsound Data/NORMAL/ZCH0051.wav,ZCH0051.wav,both,ZCH0051.wav,F,0,850,NORMAL
ZCH0052,NORMAL,clean Heartsound Data/NORMAL/ZCH0052.wav,ZCH0052.wav,both,ZCH0052.wav,M,1,1550,NORMAL
ZCH0053,NORMAL,clean Heartsound Data/NORMAL/ZCH0053.wav,ZCH0053.wav,both,ZCH0053.wav,F,0,365,NORMAL
ZCH0054,NORMAL,clean Heartsound Data/NORMAL/ZCH0054.wav,ZCH0054.wav,both,ZCH0054.wav,M,1,1000,NORMAL
ZCH0055,NORMAL,clean Heartsound Data/NORMAL/ZCH0055.wav,ZCH0055.wav,both,ZCH0055.wav,F,0,425,NORMAL
ZCH0056,NORMAL,clean Heartsound Data/NORMAL/ZCH0056.wav,ZCH0056.wav,both,ZCH0056.wav,M,1,455,NORMAL
ZCH0057,NORMAL,clean Heartsound Data/NORMAL/ZCH0057.wav,ZCH0057.wav,both,ZCH0057.wav,F,0,257,NORMAL
ZCH0058,NORMAL,clean Heartsound Data/NORMAL/ZCH0058.wav,ZCH0058.wav,both,ZCH0058.wav,M,1,455,NORMAL
ZCH0059,NORMAL,clean Heartsound Data/NORMAL/ZCH0059.wav,ZCH0059.wav,both,ZCH0059.wav,M,1,635,NORMAL
ZCH0060,NORMAL,clean Heartsound Data/NORMAL/ZCH0060.wav,ZCH0060.wav,both,ZCH0060.wav,M,1,211,NORMAL
ZCH0061,NORMAL,clean Heartsound Data/NORMAL/ZCH0061.wav,ZCH0061.wav,both,ZCH0061.wav,F,0,365,NORMAL
ZCH0062,NORMAL,clean Heartsound Data/NORMAL/ZCH0062.wav,ZCH0062.wav,both,ZCH0062.wav,F,0,208,NORMAL
ZCH0063,NORMAL,clean Heartsound Data/NORMAL/ZCH0063.wav,ZCH0063.wav,both,ZCH0063.wav,M,1,246,NORMAL
ZCH0064,NORMAL,clean Heartsound Data/NORMAL/ZCH0064.wav,ZCH0064.wav,both,ZCH0064.wav,M,1,193,NORMAL
ZCH0065,NORMAL,clean Heartsound Data/NORMAL/ZCH0065.wav,ZCH0065.wav,both,ZCH0065.wav,M,1,170,NORMAL
ZCH0066,NORMAL,clean Heartsound Data/NORMAL/ZCH0066.wav,ZCH0066.wav,both,ZCH0066.wav,F,0,365,NORMAL
ZCH0067,NORMAL,clean Heartsound Data/NORMAL/ZCH0067.wav,ZCH0067.wav,both,ZCH0067.wav,M,1,203,NORMAL
ZCH0068,NORMAL,clean Heartsound Data/NORMAL/ZCH0068.wav,ZCH0068.wav,both,ZCH0068.wav,M,1,2825,NORMAL
ZCH0069,NORMAL,clean Heartsound Data/NORMAL/ZCH0069.wav,ZCH0069.wav,both,ZCH0069.wav,M,1,880,NORMAL
ZCH0070,NORMAL,clean Heartsound Data/NORMAL/ZCH0070.wav,ZCH0070.wav,both,ZCH0070.wav,M,1,350,NORMAL
ZCH0071,NORMAL,clean Heartsound Data/NORMAL/ZCH0071.wav,ZCH0071.wav,both,ZCH0071.wav,M,1,163,NORMAL
ZCH0072,NORMAL,clean Heartsound Data/NORMAL/ZCH0072.wav,ZCH0072.wav,both,ZCH0072.wav,F,0,1670,NORMAL
ZCH0073,NORMAL,clean Heartsound Data/NORMAL/ZCH0073.wav,ZCH0073.wav,both,ZCH0073.wav,F,0,1425,NORMAL
ZCH0074,NORMAL,clean Heartsound Data/NORMAL/ZCH0074.wav,ZCH0074.wav,both,ZCH0074.wav,F,0,194,NORMAL
ZCH0075,NORMAL,clean Heartsound Data/NORMAL/ZCH0075.wav,ZCH0075.wav,both,ZCH0075.wav,M,1,4195,NORMAL
ZCH0076,NORMAL,clean Heartsound Data/NORMAL/ZCH0076.wav,ZCH0076.wav,both,ZCH0076.wav,F,0,2280,NORMAL
ZCH0077,NORMAL,clean Heartsound Data/NORMAL/ZCH0077.wav,ZCH0077.wav,both,ZCH0077.wav,F,0,2950,NORMAL
ZCH0078,NORMAL,clean Heartsound Data/NORMAL/ZCH0078.wav,ZCH0078.wav,both,ZCH0078.wav,M,1,2065,NORMAL
ZCH0079,NORMAL,clean Heartsound Data/NORMAL/ZCH0079.wav,ZCH0079.wav,both,ZCH0079.wav,F,0,2005,NORMAL
ZCH0080,NORMAL,clean Heartsound Data/NORMAL/ZCH0080.wav,ZCH0080.wav,both,ZCH0080.wav,M,1,1185,NORMAL
ZCH0081,NORMAL,clean Heartsound Data/NORMAL/ZCH0081.wav,ZCH0081.wav,both,ZCH0081.wav,M,1,2585,NORMAL
ZCH0082,NORMAL,clean Heartsound Data/NORMAL/ZCH0082.wav,ZCH0082.wav,both,ZCH0082.wav,M,1,1335,NORMAL
ZCH0083,NORMAL,clean Heartsound Data/NORMAL/ZCH0083.wav,ZCH0083.wav,both,ZCH0083.wav,M,1,1215,NORMAL
ZCH0084,NORMAL,clean Heartsound Data/NORMAL/ZCH0084.wav,ZCH0084.wav,both,ZCH0084.wav,M,1,1640,NORMAL
ZCH0085,NORMAL,clean Heartsound Data/NORMAL/ZCH0085.wav,ZCH0085.wav,both,ZCH0085.wav,F,0,2555,NORMAL
ZCH0086,NORMAL,clean Heartsound Data/NORMAL/ZCH0086.wav,ZCH0086.wav,both,ZCH0086.wav,M,1,1030,NORMAL
ZCH0087,NORMAL,clean Heartsound Data/NORMAL/ZCH0087.wav,ZCH0087.wav,both,ZCH0087.wav,F,0,2250,NORMAL
ZCH0088,NORMAL,clean Heartsound Data/NORMAL/ZCH0088.wav,ZCH0088.wav,both,ZCH0088.wav,F,0,1855,NORMAL
ZCH0089,NORMAL,clean Heartsound Data/NORMAL/ZCH0089.wav,ZCH0089.wav,both,ZCH0089.wav,F,0,425,NORMAL
ZCH0090,NORMAL,clean Heartsound Data/NORMAL/ZCH0090.wav,ZCH0090.wav,both,ZCH0090.wav,M,1,1125,NORMAL
ZCH0091,NORMAL,clean Heartsound Data/NORMAL/ZCH0091.wav,ZCH0091.wav,both,ZCH0091.wav,M,1,1790,NORMAL
ZCH0092,NORMAL,clean Heartsound Data/NORMAL/ZCH0092.wav,ZCH0092.wav,both,ZCH0092.wav,M,1,820,NORMAL
ZCH0093,NORMAL,clean Heartsound Data/NORMAL/ZCH0093.wav,ZCH0093.wav,both,ZCH0093.wav,M,1,3525,NORMAL
ZCH0094,NORMAL,clean Heartsound Data/NORMAL/ZCH0094.wav,ZCH0094.wav,both,ZCH0094.wav,M,1,970,NORMAL
ZCH0095,NORMAL,clean Heartsound Data/NORMAL/ZCH0095.wav,ZCH0095.wav,both,ZCH0095.wav,M,1,395,NORMAL
ZCH0096,NORMAL,clean Heartsound Data/NORMAL/ZCH0096.wav,ZCH0096.wav,both,ZCH0096.wav,F,0,1460,NORMAL
ZCH0097,NORMAL,clean Heartsound Data/NORMAL/ZCH0097.wav,ZCH0097.wav,both,ZCH0097.wav,M,1,1790,NORMAL
ZCH0098,NORMAL,clean Heartsound Data/NORMAL/ZCH0098.wav,ZCH0098.wav,both,ZCH0098.wav,F,0,2645,NORMAL
ZCH0099,NORMAL,clean Heartsound Data/NORMAL/ZCH0099.wav,ZCH0099.wav,both,ZCH0099.wav,M,1,1550,NORMAL
ZCH0100,NORMAL,clean Heartsound Data/NORMAL/ZCH0100.wav,ZCH0100.wav,both,ZCH0100.wav,F,0,2005,NORMAL
ZCH0101,NORMAL,clean Heartsound Data/NORMAL/ZCH0101.wav,ZCH0101.wav,both,ZCH0101.wav,M,1,2370,NORMAL
ZCH0102,NORMAL,clean Heartsound Data/NORMAL/ZCH0102.wav,ZCH0102.wav,both,ZCH0102.wav,F,0,515,NORMAL
ZCH0103,NORMAL,clean Heartsound Data/NORMAL/ZCH0103.wav,ZCH0103.wav,both,ZCH0103.wav,M,1,2430,NORMAL
ZCH0104,NORMAL,clean Heartsound Data/NORMAL/ZCH0104.wav,ZCH0104.wav,both,ZCH0104.wav,M,1,95,NORMAL
ZCH0105,NORMAL,clean Heartsound Data/NORMAL/ZCH0105.wav,ZCH0105.wav,both,ZCH0105.wav,F,0,790,NORMAL
ZCH0106,NORMAL,clean Heartsound Data/NORMAL/ZCH0106.wav,ZCH0106.wav,both,ZCH0106.wav,M,1,98,NORMAL
ZCH0107,NORMAL,clean Heartsound Data/NORMAL/ZCH0107.wav,ZCH0107.wav,both,ZCH0107.wav,F,0,1395,NORMAL
ZCH0108,NORMAL,clean Heartsound Data/NORMAL/ZCH0108.wav,ZCH0108.wav,both,ZCH0108.wav,F,0,248,NORMAL
ZCH0109,NORMAL,clean Heartsound Data/NORMAL/ZCH0109.wav,ZCH0109.wav,both,ZCH0109.wav,M,1,910,NORMAL
ZCH0110,NORMAL,clean Heartsound Data/NORMAL/ZCH0110.wav,ZCH0110.wav,both,ZCH0110.wav,F,0,1885,NORMAL
ZCH0111,NORMAL,clean Heartsound Data/NORMAL/ZCH0111.wav,ZCH0111.wav,both,ZCH0111.wav,M,1,455,NORMAL
ZCH0112,NORMAL,clean Heartsound Data/NORMAL/ZCH0112.wav,ZCH0112.wav,both,ZCH0112.wav,F,0,485,NORMAL
ZCH0113,NORMAL,clean Heartsound Data/NORMAL/ZCH0113.wav,ZCH0113.wav,both,ZCH0113.wav,M,1,455,NORMAL
ZCH0114,NORMAL,clean Heartsound Data/NORMAL/ZCH0114.wav,ZCH0114.wav,both,ZCH0114.wav,F,0,485,NORMAL
ZCH0115,NORMAL,clean Heartsound Data/NORMAL/ZCH0115.wav,ZCH0115.wav,both,ZCH0115.wav,F,0,1760,NORMAL
ZCH0116,NORMAL,clean Heartsound Data/NORMAL/ZCH0116.wav,ZCH0116.wav,both,ZCH0116.wav,M,1,2765,NORMAL
ZCH0117,NORMAL,clean Heartsound Data/NORMAL/ZCH0117.wav,ZCH0117.wav,both,ZCH0117.wav,F,0,850,NORMAL
ZCH0118,NORMAL,clean Heartsound Data/NORMAL/ZCH0118.wav,ZCH0118.wav,both,ZCH0118.wav,M,1,485,NORMAL
ZCH0119,NORMAL,clean Heartsound Data/NORMAL/ZCH0119.wav,ZCH0119.wav,both,ZCH0119.wav,F,0,395,NORMAL
ZCH0120,NORMAL,clean Heartsound Data/NORMAL/ZCH0120.wav,ZCH0120.wav,both,ZCH0120.wav,F,0,1125,NORMAL
ZCH0121,NORMAL,clean Heartsound Data/NORMAL/ZCH0121.wav,ZCH0121.wav,both,ZCH0121.wav,F,0,1395,NORMAL
ZCH0122,NORMAL,clean Heartsound Data/NORMAL/ZCH0122.wav,ZCH0122.wav,both,ZCH0122.wav,M,1,515,NORMAL
ZCH0123,NORMAL,clean Heartsound Data/NORMAL/ZCH0123.wav,ZCH0123.wav,both,ZCH0123.wav,M,1,2675,NORMAL
ZCH0124,NORMAL,clean Heartsound Data/NORMAL/ZCH0124.wav,ZCH0124.wav,both,ZCH0124.wav,M,1,1275,NORMAL
ZCH0125,NORMAL,clean Heartsound Data/NORMAL/ZCH0125.wav,ZCH0125.wav,both,ZCH0125.wav,F,0,1855,NORMAL
ZCH0126,NORMAL,clean Heartsound Data/NORMAL/ZCH0126.wav,ZCH0126.wav,both,ZCH0126.wav,F,0,605,NORMAL
ZCH0127,NORMAL,clean Heartsound Data/NORMAL/ZCH0127.wav,ZCH0127.wav,both,ZCH0127.wav,F,0,850,NORMAL
ZCH0128,NORMAL,clean Heartsound Data/NORMAL/ZCH0128.wav,ZCH0128.wav,both,ZCH0128.wav,M,1,1275,NORMAL
ZCH0129,NORMAL,clean Heartsound Data/NORMAL/ZCH0129.wav,ZCH0129.wav,both,ZCH0129.wav,M,1,1825,NORMAL
ZCH0130,NORMAL,clean Heartsound Data/NORMAL/ZCH0130.wav,ZCH0130.wav,both,ZCH0130.wav,M,1,485,NORMAL
ZCH0131,NORMAL,clean Heartsound Data/NORMAL/ZCH0131.wav,ZCH0131.wav,both,ZCH0131.wav,M,1,1580,NORMAL
ZCH0132,NORMAL,clean Heartsound Data/NORMAL/ZCH0132.wav,ZCH0132.wav,both,ZCH0132.wav,F,0,485,NORMAL
ZCH0133,NORMAL,clean Heartsound Data/NORMAL/ZCH0133.wav,ZCH0133.wav,both,ZCH0133.wav,F,0,635,NORMAL
ZCH0134,NORMAL,clean Heartsound Data/NORMAL/ZCH0134.wav,ZCH0134.wav,both,ZCH0134.wav,F,0,2555,NORMAL
ZCH0135,NORMAL,clean Heartsound Data/NORMAL/ZCH0135.wav,ZCH0135.wav,both,ZCH0135.wav,M,1,1885,NORMAL
ZCH0136,NORMAL,clean Heartsound Data/NORMAL/ZCH0136.wav,ZCH0136.wav,both,ZCH0136.wav,F,0,4530,NORMAL
ZCH0137,NORMAL,clean Heartsound Data/NORMAL/ZCH0137.wav,ZCH0137.wav,both,ZCH0137.wav,M,1,4865,NORMAL
ZCH0138,NORMAL,clean Heartsound Data/NORMAL/ZCH0138.wav,ZCH0138.wav,both,ZCH0138.wav,F,0,1215,NORMAL
ZCH0139,NORMAL,clean Heartsound Data/NORMAL/ZCH0139.wav,ZCH0139.wav,both,ZCH0139.wav,F,0,4225,NORMAL
ZCH0140,NORMAL,clean Heartsound Data/NORMAL/ZCH0140.wav,ZCH0140.wav,both,ZCH0140.wav,F,0,425,NORMAL
ZCH0141,NORMAL,clean Heartsound Data/NORMAL/ZCH0141.wav,ZCH0141.wav,both,ZCH0141.wav,M,1,91,NORMAL
ZCH0142,NORMAL,clean Heartsound Data/NORMAL/ZCH0142.wav,ZCH0142.wav,both,ZCH0142.wav,M,1,2310,NORMAL
ZCH0143,NORMAL,clean Heartsound Data/NORMAL/ZCH0143.wav,ZCH0143.wav,both,ZCH0143.wav,M,1,820,NORMAL
ZCH0144,NORMAL,clean Heartsound Data/NORMAL/ZCH0144.wav,ZCH0144.wav,both,ZCH0144.wav,F,0,1000,NORMAL
ZCH0145,NORMAL,clean Heartsound Data/NORMAL/ZCH0145.wav,ZCH0145.wav,both,ZCH0145.wav,M,1,3770,NORMAL
ZCH0146,NORMAL,clean Heartsound Data/NORMAL/ZCH0146.wav,ZCH0146.wav,both,ZCH0146.wav,F,0,2950,NORMAL
ZCH0147,NORMAL,clean Heartsound Data/NORMAL/ZCH0147.wav,ZCH0147.wav,both,ZCH0147.wav,M,1,2705,NORMAL
ZCH0148,NORMAL,clean Heartsound Data/NORMAL/ZCH0148.wav,ZCH0148.wav,both,ZCH0148.wav,F,0,1000,NORMAL
ZCH0149,NORMAL,clean Heartsound Data/NORMAL/ZCH0149.wav,ZCH0149.wav,both,ZCH0149.wav,M,1,910,NORMAL
ZCH0150,NORMAL,clean Heartsound Data/NORMAL/ZCH0150.wav,ZCH0150.wav,both,ZCH0150.wav,M,1,2460,NORMAL
ZCH0151,NORMAL,clean Heartsound Data/NORMAL/ZCH0151.wav,ZCH0151.wav,both,ZCH0151.wav,M,1,790,NORMAL
ZCH0152,NORMAL,clean Heartsound Data/NORMAL/ZCH0152.wav,ZCH0152.wav,both,ZCH0152.wav,F,0,730,NORMAL
ZCH0153,NORMAL,clean Heartsound Data/NORMAL/ZCH0153.wav,ZCH0153.wav,both,ZCH0153.wav,F,0,1460,NORMAL
ZCH0154,NORMAL,clean Heartsound Data/NORMAL/ZCH0154.wav,ZCH0154.wav,both,ZCH0154.wav,M,1,665,NORMAL
ZCH0155,NORMAL,clean Heartsound Data/NORMAL/ZCH0155.wav,ZCH0155.wav,both,ZCH0155.wav,F,0,2795,NORMAL
ZCH0156,NORMAL,clean Heartsound Data/NORMAL/ZCH0156.wav,ZCH0156.wav,both,ZCH0156.wav,F,0,4985,NORMAL
ZCH0157,NORMAL,clean Heartsound Data/NORMAL/ZCH0157.wav,ZCH0157.wav,both,ZCH0157.wav,F,0,365,NORMAL
ZCH0158,NORMAL,clean Heartsound Data/NORMAL/ZCH0158.wav,ZCH0158.wav,both,ZCH0158.wav,F,0,192,NORMAL
ZCH0159,NORMAL,clean Heartsound Data/NORMAL/ZCH0159.wav,ZCH0159.wav,both,ZCH0159.wav,M,1,970,NORMAL
ZCH0160,NORMAL,clean Heartsound Data/NORMAL/ZCH0160.wav,ZCH0160.wav,both,ZCH0160.wav,F,0,143,NORMAL
ZCH0161,NORMAL,clean Heartsound Data/NORMAL/ZCH0161.wav,ZCH0161.wav,both,ZCH0161.wav,M,1,268,NORMAL
ZCH0162,NORMAL,clean Heartsound Data/NORMAL/ZCH0162.wav,ZCH0162.wav,both,ZCH0162.wav,M,1,425,NORMAL
ZCH0163,NORMAL,clean Heartsound Data/NORMAL/ZCH0163.wav,ZCH0163.wav,both,ZCH0163.wav,M,1,121,NORMAL
ZCH0164,NORMAL,clean Heartsound Data/NORMAL/ZCH0164.wav,ZCH0164.wav,both,ZCH0164.wav,M,1,730,NORMAL
ZCH0165,NORMAL,clean Heartsound Data/NORMAL/ZCH0165.wav,ZCH0165.wav,both,ZCH0165.wav,M,1,820,NORMAL
ZCH0166,NORMAL,clean Heartsound Data/NORMAL/ZCH0166.wav,ZCH0166.wav,both,ZCH0166.wav,M,1,359,NORMAL
ZCH0167,NORMAL,clean Heartsound Data/NORMAL/ZCH0167.wav,ZCH0167.wav,both,ZCH0167.wav,F,0,181,NORMAL
ZCH0168,NORMAL,clean Heartsound Data/NORMAL/ZCH0168.wav,ZCH0168.wav,both,ZCH0168.wav,F,0,2825,NORMAL
ZCH0169,NORMAL,clean Heartsound Data/NORMAL/ZCH0169.wav,ZCH0169.wav,both,ZCH0169.wav,M,1,1155,NORMAL
ZCH0170,NORMAL,clean Heartsound Data/NORMAL/ZCH0170.wav,ZCH0170.wav,both,ZCH0170.wav,F,0,342,NORMAL
ZCH0171,NORMAL,clean Heartsound Data/NORMAL/ZCH0171.wav,ZCH0171.wav,both,ZCH0171.wav,F,0,4390,NORMAL
ZCH0172,NORMAL,clean Heartsound Data/NORMAL/ZCH0172.wav,ZCH0172.wav,both,ZCH0172.wav,M,1,1425,NORMAL
ZCH0173,NORMAL,clean Heartsound Data/NORMAL/ZCH0173.wav,ZCH0173.wav,both,ZCH0173.wav,M,1,605,NORMAL
ZCH0174,NORMAL,clean Heartsound Data/NORMAL/ZCH0174.wav,ZCH0174.wav,both,ZCH0174.wav,F,0,130,NORMAL
ZCH0175,NORMAL,clean Heartsound Data/NORMAL/ZCH0175.wav,ZCH0175.wav,both,ZCH0175.wav,M,1,159,NORMAL
ZCH0176,NORMAL,clean Heartsound Data/NORMAL/ZCH0176.wav,ZCH0176.wav,both,ZCH0176.wav,M,1,1095,NORMAL
ZCH0177,NORMAL,clean Heartsound Data/NORMAL/ZCH0177.wav,ZCH0177.wav,both,ZCH0177.wav,M,1,1945,NORMAL
ZCH0178,NORMAL,clean Heartsound Data/NORMAL/ZCH0178.wav,ZCH0178.wav,both,ZCH0178.wav,M,1,820,NORMAL
ZCH0179,NORMAL,clean Heartsound Data/NORMAL/ZCH0179.wav,ZCH0179.wav,both,ZCH0179.wav,M,1,485,NORMAL
ZCH0180,NORMAL,clean Heartsound Data/NORMAL/ZCH0180.wav,ZCH0180.wav,both,ZCH0180.wav,F,0,2430,NORMAL
ZCH0181,NORMAL,clean Heartsound Data/NORMAL/ZCH0181.wav,ZCH0181.wav,both,ZCH0181.wav,M,1,1460,NORMAL
ZCH0182,NORMAL,clean Heartsound Data/NORMAL/ZCH0182.wav,ZCH0182.wav,both,ZCH0182.wav,F,0,1155,NORMAL
ZCH0183,NORMAL,clean Heartsound Data/NORMAL/ZCH0183.wav,ZCH0183.wav,both,ZCH0183.wav,F,0,880,NORMAL
ZCH0184,NORMAL,clean Heartsound Data/NORMAL/ZCH0184.wav,ZCH0184.wav,both,ZCH0184.wav,M,1,1790,NORMAL
ZCH0185,NORMAL,clean Heartsound Data/NORMAL/ZCH0185.wav,ZCH0185.wav,both,ZCH0185.wav,M,1,1460,NORMAL
ZCH0186,NORMAL,clean Heartsound Data/NORMAL/ZCH0186.wav,ZCH0186.wav,both,ZCH0186.wav,F,0,1580,NORMAL
ZCH0187,NORMAL,clean Heartsound Data/NORMAL/ZCH0187.wav,ZCH0187.wav,both,ZCH0187.wav,F,0,425,NORMAL
ZCH0188,NORMAL,clean Heartsound Data/NORMAL/ZCH0188.wav,ZCH0188.wav,both,ZCH0188.wav,M,1,1425,NORMAL
ZCH0189,NORMAL,clean Heartsound Data/NORMAL/ZCH0189.wav,ZCH0189.wav,both,ZCH0189.wav,M,1,365,NORMAL
ZCH0190,NORMAL,clean Heartsound Data/NORMAL/ZCH0190.wav,ZCH0190.wav,both,ZCH0190.wav,M,1,1490,NORMAL
ZCH0191,NORMAL,clean Heartsound Data/NORMAL/ZCH0191.wav,ZCH0191.wav,both,ZCH0191.wav,F,0,820,NORMAL
ZCH0192,NORMAL,clean Heartsound Data/NORMAL/ZCH0192.wav,ZCH0192.wav,both,ZCH0192.wav,F,0,1490,NORMAL
ZCH0193,NORMAL,clean Heartsound Data/NORMAL/ZCH0193.wav,ZCH0193.wav,both,ZCH0193.wav,M,1,1125,NORMAL
ZCH0194,NORMAL,clean Heartsound Data/NORMAL/ZCH0194.wav,ZCH0194.wav,both,ZCH0194.wav,F,0,2520,NORMAL
ZCH0195,NORMAL,clean Heartsound Data/NORMAL/ZCH0195.wav,ZCH0195.wav,both,ZCH0195.wav,F,0,3250,NORMAL
ZCH0196,NORMAL,clean Heartsound Data/NORMAL/ZCH0196.wav,ZCH0196.wav,both,ZCH0196.wav,M,1,1030,NORMAL
ZCH0197,NORMAL,clean Heartsound Data/NORMAL/ZCH0197.wav,ZCH0197.wav,both,ZCH0197.wav,M,1,1095,NORMAL
ZCH0198,NORMAL,clean Heartsound Data/NORMAL/ZCH0198.wav,ZCH0198.wav,both,ZCH0198.wav,F,0,695,NORMAL
ZCH0199,NORMAL,clean Heartsound Data/NORMAL/ZCH0199.wav,ZCH0199.wav,both,ZCH0199.wav,F,0,2645,NORMAL
ZCH0200,NORMAL,clean Heartsound Data/NORMAL/ZCH0200.wav,ZCH0200.wav,both,ZCH0200.wav,F,0,970,NORMAL
ZCH0201,NORMAL,clean Heartsound Data/NORMAL/ZCH0201.wav,ZCH0201.wav,both,ZCH0201.wav,F,0,258,NORMAL
ZCH0202,NORMAL,clean Heartsound Data/NORMAL/ZCH0202.wav,ZCH0202.wav,both,ZCH0202.wav,F,0,1700,NORMAL
ZCH0203,NORMAL,clean Heartsound Data/NORMAL/ZCH0203.wav,ZCH0203.wav,both,ZCH0203.wav,M,1,665,NORMAL
ZCH0204,NORMAL,clean Heartsound Data/NORMAL/ZCH0204.wav,ZCH0204.wav,both,ZCH0204.wav,M,1,1640,NORMAL
ZCH0205,NORMAL,clean Heartsound Data/NORMAL/ZCH0205.wav,ZCH0205.wav,both,ZCH0205.wav,M,1,880,NORMAL
ZCH0206,NORMAL,clean Heartsound Data/NORMAL/ZCH0206.wav,ZCH0206.wav,both,ZCH0206.wav,M,1,365,NORMAL
ZCH0207,NORMAL,clean Heartsound Data/NORMAL/ZCH0207.wav,ZCH0207.wav,both,ZCH0207.wav,F,0,1030,NORMAL
ZCH0208,NORMAL,clean Heartsound Data/NORMAL/ZCH0208.wav,ZCH0208.wav,both,ZCH0208.wav,M,1,2280,NORMAL
ZCH0209,NORMAL,clean Heartsound Data/NORMAL/ZCH0209.wav,ZCH0209.wav,both,ZCH0209.wav,F,0,1700,NORMAL
ZCH0210,NORMAL,clean Heartsound Data/NORMAL/ZCH0210.wav,ZCH0210.wav,both,ZCH0210.wav,M,1,4075,NORMAL
ZCH0211,NORMAL,clean Heartsound Data/NORMAL/ZCH0211.wav,ZCH0211.wav,both,ZCH0211.wav,M,1,2585,NORMAL
ZCH0212,NORMAL,clean Heartsound Data/NORMAL/ZCH0212.wav,ZCH0212.wav,both,ZCH0212.wav,F,0,2220,NORMAL
ZCH0213,NORMAL,clean Heartsound Data/NORMAL/ZCH0213.wav,ZCH0213.wav,both,ZCH0213.wav,F,0,3800,NORMAL
ZCH0214,NORMAL,clean Heartsound Data/NORMAL/ZCH0214.wav,ZCH0214.wav,both,ZCH0214.wav,F,0,760,NORMAL
ZCH0215,NORMAL,clean Heartsound Data/NORMAL/ZCH0215.wav,ZCH0215.wav,both,ZCH0215.wav,F,0,1580,NORMAL
ZCH0216,NORMAL,clean Heartsound Data/NORMAL/ZCH0216.wav,ZCH0216.wav,both,ZCH0216.wav,F,0,3710,NORMAL
ZCH0217,NORMAL,clean Heartsound Data/NORMAL/ZCH0217.wav,ZCH0217.wav,both,ZCH0217.wav,M,1,1490,NORMAL
ZCH0218,NORMAL,clean Heartsound Data/NORMAL/ZCH0218.wav,ZCH0218.wav,both,ZCH0218.wav,F,0,1425,NORMAL
ZCH0219,NORMAL,clean Heartsound Data/NORMAL/ZCH0219.wav,ZCH0219.wav,both,ZCH0219.wav,M,1,2460,NORMAL
ZCH0220,NORMAL,clean Heartsound Data/NORMAL/ZCH0220.wav,ZCH0220.wav,both,ZCH0220.wav,F,0,2430,NORMAL
ZCH0221,NORMAL,clean Heartsound Data/NORMAL/ZCH0221.wav,ZCH0221.wav,both,ZCH0221.wav,F,0,2585,NORMAL
ZCH0222,NORMAL,clean Heartsound Data/NORMAL/ZCH0222.wav,ZCH0222.wav,both,ZCH0222.wav,F,0,1855,NORMAL
ZCH0223,NORMAL,clean Heartsound Data/NORMAL/ZCH0223.wav,ZCH0223.wav,both,ZCH0223.wav,F,0,1335,NORMAL
ZCH0224,NORMAL,clean Heartsound Data/NORMAL/ZCH0224.wav,ZCH0224.wav,both,ZCH0224.wav,M,1,2220,NORMAL
ZCH0225,NORMAL,clean Heartsound Data/NORMAL/ZCH0225.wav,ZCH0225.wav,both,ZCH0225.wav,M,1,1490,NORMAL
ZCH0226,NORMAL,clean Heartsound Data/NORMAL/ZCH0226.wav,ZCH0226.wav,both,ZCH0226.wav,F,0,1335,NORMAL
ZCH0227,NORMAL,clean Heartsound Data/NORMAL/ZCH0227.wav,ZCH0227.wav,both,ZCH0227.wav,F,0,1275,NORMAL
ZCH0228,NORMAL,clean Heartsound Data/NORMAL/ZCH0228.wav,ZCH0228.wav,both,ZCH0228.wav,M,1,1520,NORMAL
ZCH0229,NORMAL,clean Heartsound Data/NORMAL/ZCH0229.wav,ZCH0229.wav,both,ZCH0229.wav,M,1,1095,NORMAL
ZCH0230,NORMAL,clean Heartsound Data/NORMAL/ZCH0230.wav,ZCH0230.wav,both,ZCH0230.wav,F,0,1095,NORMAL
ZCH0231,NORMAL,clean Heartsound Data/NORMAL/ZCH0231.wav,ZCH0231.wav,both,ZCH0231.wav,F,0,1550,NORMAL
ZCH0232,NORMAL,clean Heartsound Data/NORMAL/ZCH0232.wav,ZCH0232.wav,both,ZCH0232.wav,F,0,3525,NORMAL
ZCH0233,NORMAL,clean Heartsound Data/NORMAL/ZCH0233.wav,ZCH0233.wav,both,ZCH0233.wav,M,1,1095,NORMAL
ZCH0234,NORMAL,clean Heartsound Data/NORMAL/ZCH0234.wav,ZCH0234.wav,both,ZCH0234.wav,F,0,970,NORMAL
ZCH0235,NORMAL,clean Heartsound Data/NORMAL/ZCH0235.wav,ZCH0235.wav,both,ZCH0235.wav,F,0,1155,NORMAL
ZCH0236,NORMAL,clean Heartsound Data/NORMAL/ZCH0236.wav,ZCH0236.wav,both,ZCH0236.wav,M,1,1125,NORMAL
ZCH0237,NORMAL,clean Heartsound Data/NORMAL/ZCH0237.wav,ZCH0237.wav,both,ZCH0237.wav,F,0,910,NORMAL
ZCH0238,NORMAL,clean Heartsound Data/NORMAL/ZCH0238.wav,ZCH0238.wav,both,ZCH0238.wav,M,1,1490,NORMAL
ZCH0239,NORMAL,clean Heartsound Data/NORMAL/ZCH0239.wav,ZCH0239.wav,both,ZCH0239.wav,F,0,910,NORMAL
ZCH0240,NORMAL,clean Heartsound Data/NORMAL/ZCH0240.wav,ZCH0240.wav,both,ZCH0240.wav,M,1,790,NORMAL
ZCH0241,NORMAL,clean Heartsound Data/NORMAL/ZCH0241.wav,ZCH0241.wav,both,ZCH0241.wav,M,1,790,NORMAL
ZCH0242,NORMAL,clean Heartsound Data/NORMAL/ZCH0242.wav,ZCH0242.wav,both,ZCH0242.wav,F,0,1095,NORMAL
ZCH0243,NORMAL,clean Heartsound Data/NORMAL/ZCH0243.wav,ZCH0243.wav,both,ZCH0243.wav,M,1,1855,NORMAL
ZCH0244,NORMAL,clean Heartsound Data/NORMAL/ZCH0244.wav,ZCH0244.wav,both,ZCH0244.wav,F,0,760,NORMAL
ZCH0245,NORMAL,clean Heartsound Data/NORMAL/ZCH0245.wav,ZCH0245.wav,both,ZCH0245.wav,M,1,1670,NORMAL
ZCH0246,NORMAL,clean Heartsound Data/NORMAL/ZCH0246.wav,ZCH0246.wav,both,ZCH0246.wav,F,0,1730,NORMAL
ZCH0247,NORMAL,clean Heartsound Data/NORMAL/ZCH0247.wav,ZCH0247.wav,both,ZCH0247.wav,F,0,635,NORMAL
ZCH0248,NORMAL,clean Heartsound Data/NORMAL/ZCH0248.wav,ZCH0248.wav,both,ZCH0248.wav,F,0,1335,NORMAL
ZCH0249,NORMAL,clean Heartsound Data/NORMAL/ZCH0249.wav,ZCH0249.wav,both,ZCH0249.wav,F,0,1095,NORMAL
ZCH0250,NORMAL,clean Heartsound Data/NORMAL/ZCH0250.wav,ZCH0250.wav,both,ZCH0250.wav,F,0,545,NORMAL
ZCH0251,NORMAL,clean Heartsound Data/NORMAL/ZCH0251.wav,ZCH0251.wav,both,ZCH0251.wav,F,0,3800,NORMAL
ZCH0252,NORMAL,clean Heartsound Data/NORMAL/ZCH0252.wav,ZCH0252.wav,both,ZCH0252.wav,M,1,3130,NORMAL
ZCH0253,NORMAL,clean Heartsound Data/NORMAL/ZCH0253.wav,ZCH0253.wav,both,ZCH0253.wav,M,1,3040,NORMAL
ZCH0254,NORMAL,clean Heartsound Data/NORMAL/ZCH0254.wav,ZCH0254.wav,both,ZCH0254.wav,F,0,730,NORMAL
ZCH0255,NORMAL,clean Heartsound Data/NORMAL/ZCH0255.wav,ZCH0255.wav,both,ZCH0255.wav,M,1,1825,NORMAL
ZCH0256,NORMAL,clean Heartsound Data/NORMAL/ZCH0256.wav,ZCH0256.wav,both,ZCH0256.wav,M,1,1825,NORMAL
ZCH0257,NORMAL,clean Heartsound Data/NORMAL/ZCH0257.wav,ZCH0257.wav,both,ZCH0257.wav,M,1,2705,NORMAL
ZCH0258,NORMAL,clean Heartsound Data/NORMAL/ZCH0258.wav,ZCH0258.wav,both,ZCH0258.wav,F,0,545,NORMAL
ZCH0259,NORMAL,clean Heartsound Data/NORMAL/ZCH0259.wav,ZCH0259.wav,both,ZCH0259.wav,F,0,395,NORMAL
ZCH0260,NORMAL,clean Heartsound Data/NORMAL/ZCH0260.wav,ZCH0260.wav,both,ZCH0260.wav,F,0,635,NORMAL
ZCH0261,NORMAL,clean Heartsound Data/NORMAL/ZCH0261.wav,ZCH0261.wav,both,ZCH0261.wav,M,1,455,NORMAL
ZCH0262,NORMAL,clean Heartsound Data/NORMAL/ZCH0262.wav,ZCH0262.wav,both,ZCH0262.wav,M,1,395,NORMAL
ZCH0263,NORMAL,clean Heartsound Data/NORMAL/ZCH0263.wav,ZCH0263.wav,both,ZCH0263.wav,M,1,289,NORMAL
ZCH0264,NORMAL,clean Heartsound Data/NORMAL/ZCH0264.wav,ZCH0264.wav,both,ZCH0264.wav,F,0,365,NORMAL
ZCH0265,NORMAL,clean Heartsound Data/NORMAL/ZCH0265.wav,ZCH0265.wav,both,ZCH0265.wav,M,1,395,NORMAL
ZCH0266,NORMAL,clean Heartsound Data/NORMAL/ZCH0266.wav,ZCH0266.wav,both,ZCH0266.wav,M,1,365,NORMAL
ZCH0267,NORMAL,clean Heartsound Data/NORMAL/ZCH0267.wav,ZCH0267.wav,both,ZCH0267.wav,M,1,940,NORMAL
ZCH0268,NORMAL,clean Heartsound Data/NORMAL/ZCH0268.wav,ZCH0268.wav,both,ZCH0268.wav,M,1,2035,NORMAL
ZCH0269,NORMAL,clean Heartsound Data/NORMAL/ZCH0269.wav,ZCH0269.wav,both,ZCH0269.wav,M,1,1580,NORMAL
ZCH0270,NORMAL,clean Heartsound Data/NORMAL/ZCH0270.wav,ZCH0270.wav,both,ZCH0270.wav,M,1,238,NORMAL
ZCH0271,NORMAL,clean Heartsound Data/NORMAL/ZCH0271.wav,ZCH0271.wav,both,ZCH0271.wav,F,0,330,NORMAL
ZCH0272,NORMAL,clean Heartsound Data/NORMAL/ZCH0272.wav,ZCH0272.wav,both,ZCH0272.wav,M,1,187,NORMAL
ZCH0273,NORMAL,clean Heartsound Data/NORMAL/ZCH0273.wav,ZCH0273.wav,both,ZCH0273.wav,M,1,330,NORMAL
ZCH0274,NORMAL,clean Heartsound Data/NORMAL/ZCH0274.wav,ZCH0274.wav,both,ZCH0274.wav,M,1,206,NORMAL
ZCH0275,NORMAL,clean Heartsound Data/NORMAL/ZCH0275.wav,ZCH0275.wav,both,ZCH0275.wav,M,1,455,NORMAL
ZCH0276,NORMAL,clean Heartsound Data/NORMAL/ZCH0276.wav,ZCH0276.wav,both,ZCH0276.wav,M,1,1730,NORMAL
ZCH0277,NORMAL,clean Heartsound Data/NORMAL/ZCH0277.wav,ZCH0277.wav,both,ZCH0277.wav,F,0,1730,NORMAL
ZCH0278,NORMAL,clean Heartsound Data/NORMAL/ZCH0278.wav,ZCH0278.wav,both,ZCH0278.wav,M,1,790,NORMAL
ZCH0279,NORMAL,clean Heartsound Data/NORMAL/ZCH0279.wav,ZCH0279.wav,both,ZCH0279.wav,F,0,3525,NORMAL
ZCH0280,NORMAL,clean Heartsound Data/NORMAL/ZCH0280.wav,ZCH0280.wav,both,ZCH0280.wav,F,0,236,NORMAL
ZCH0281,NORMAL,clean Heartsound Data/NORMAL/ZCH0281.wav,ZCH0281.wav,both,ZCH0281.wav,M,1,1275,NORMAL
ZCH0282,NORMAL,clean Heartsound Data/NORMAL/ZCH0282.wav,ZCH0282.wav,both,ZCH0282.wav,M,1,2520,NORMAL
ZCH0283,NORMAL,clean Heartsound Data/NORMAL/ZCH0283.wav,ZCH0283.wav,both,ZCH0283.wav,M,1,940,NORMAL
ZCH0284,NORMAL,clean Heartsound Data/NORMAL/ZCH0284.wav,ZCH0284.wav,both,ZCH0284.wav,M,1,260,NORMAL
ZCH0285,NORMAL,clean Heartsound Data/NORMAL/ZCH0285.wav,ZCH0285.wav,both,ZCH0285.wav,F,0,4015,NORMAL
ZCH0286,NORMAL,clean Heartsound Data/NORMAL/ZCH0286.wav,ZCH0286.wav,both,ZCH0286.wav,F,0,2460,NORMAL
ZCH0287,NORMAL,clean Heartsound Data/NORMAL/ZCH0287.wav,ZCH0287.wav,both,ZCH0287.wav,M,1,2735,NORMAL
ZCH0288,NORMAL,clean Heartsound Data/NORMAL/ZCH0288.wav,ZCH0288.wav,both,ZCH0288.wav,M,1,357,NORMAL
ZCH0289,NORMAL,clean Heartsound Data/NORMAL/ZCH0289.wav,ZCH0289.wav,both,ZCH0289.wav,M,1,5230,NORMAL
ZCH0290,NORMAL,clean Heartsound Data/NORMAL/ZCH0290.wav,ZCH0290.wav,both,ZCH0290.wav,F,0,2555,NORMAL
ZCH0291,NORMAL,clean Heartsound Data/NORMAL/ZCH0291.wav,ZCH0291.wav,both,ZCH0291.wav,F,0,1915,NORMAL
ZCH0292,NORMAL,clean Heartsound Data/NORMAL/ZCH0292.wav,ZCH0292.wav,both,ZCH0292.wav,M,1,820,NORMAL
ZCH0293,NORMAL,clean Heartsound Data/NORMAL/ZCH0293.wav,ZCH0293.wav,both,ZCH0293.wav,F,0,4380,NORMAL
ZCH0294,NORMAL,clean Heartsound Data/NORMAL/ZCH0294.wav,ZCH0294.wav,both,ZCH0294.wav,M,1,2005,NORMAL
ZCH0295,NORMAL,clean Heartsound Data/NORMAL/ZCH0295.wav,ZCH0295.wav,both,ZCH0295.wav,F,0,148,NORMAL
ZCH0296,NORMAL,clean Heartsound Data/NORMAL/ZCH0296.wav,ZCH0296.wav,both,ZCH0296.wav,F,0,1670,NORMAL
ZCH0297,NORMAL,clean Heartsound Data/NORMAL/ZCH0297.wav,ZCH0297.wav,both,ZCH0297.wav,M,1,1125,NORMAL
ZCH0298,NORMAL,clean Heartsound Data/NORMAL/ZCH0298.wav,ZCH0298.wav,both,ZCH0298.wav,M,1,1395,NORMAL
ZCH0299,NORMAL,clean Heartsound Data/NORMAL/ZCH0299.wav,ZCH0299.wav,both,ZCH0299.wav,F,0,2250,NORMAL
ZCH0300,NORMAL,clean Heartsound Data/NORMAL/ZCH0300.wav,ZCH0300.wav,both,ZCH0300.wav,M,1,910,NORMAL
ZCH0301,NORMAL,clean Heartsound Data/NORMAL/ZCH0301.wav,ZCH0301.wav,both,ZCH0301.wav,M,1,2125,NORMAL
ZCH0302,NORMAL,clean Heartsound Data/NORMAL/ZCH0302.wav,ZCH0302.wav,both,ZCH0302.wav,M,1,1185,NORMAL
ZCH0303,NORMAL,clean Heartsound Data/NORMAL/ZCH0303.wav,ZCH0303.wav,both,ZCH0303.wav,F,0,1520,NORMAL
ZCH0304,NORMAL,clean Heartsound Data/NORMAL/ZCH0304.wav,ZCH0304.wav,both,ZCH0304.wav,F,0,1490,NORMAL
ZCH0305,NORMAL,clean Heartsound Data/NORMAL/ZCH0305.wav,ZCH0305.wav,both,ZCH0305.wav,F,0,1610,NORMAL
ZCH0306,NORMAL,clean Heartsound Data/NORMAL/ZCH0306.wav,ZCH0306.wav,both,ZCH0306.wav,F,0,2920,NORMAL
ZCH0307,NORMAL,clean Heartsound Data/NORMAL/ZCH0307.wav,ZCH0307.wav,both,ZCH0307.wav,M,1,1155,NORMAL
ZCH0308,NORMAL,clean Heartsound Data/NORMAL/ZCH0308.wav,ZCH0308.wav,both,ZCH0308.wav,F,0,1215,NORMAL
ZCH0309,NORMAL,clean Heartsound Data/NORMAL/ZCH0309.wav,ZCH0309.wav,both,ZCH0309.wav,F,0,970,NORMAL
ZCH0310,NORMAL,clean Heartsound Data/NORMAL/ZCH0310.wav,ZCH0310.wav,both,ZCH0310.wav,M,1,1975,NORMAL
ZCH0311,NORMAL,clean Heartsound Data/NORMAL/ZCH0311.wav,ZCH0311.wav,both,ZCH0311.wav,M,1,365,NORMAL
ZCH0312,NORMAL,clean Heartsound Data/NORMAL/ZCH0312.wav,ZCH0312.wav,both,ZCH0312.wav,F,0,1030,NORMAL
ZCH0313,NORMAL,clean Heartsound Data/NORMAL/ZCH0313.wav,ZCH0313.wav,both,ZCH0313.wav,M,1,2855,NORMAL
ZCH0314,NORMAL,clean Heartsound Data/NORMAL/ZCH0314.wav,ZCH0314.wav,both,ZCH0314.wav,M,1,2065,NORMAL
ZCH0315,NORMAL,clean Heartsound Data/NORMAL/ZCH0315.wav,ZCH0315.wav,both,ZCH0315.wav,F,0,2735,NORMAL
ZCH0316,NORMAL,clean Heartsound Data/NORMAL/ZCH0316.wav,ZCH0316.wav,both,ZCH0316.wav,F,0,1215,NORMAL
ZCH0317,NORMAL,clean Heartsound Data/NORMAL/ZCH0317.wav,ZCH0317.wav,both,ZCH0317.wav,F,0,1030,NORMAL
ZCH0318,NORMAL,clean Heartsound Data/NORMAL/ZCH0318.wav,ZCH0318.wav,both,ZCH0318.wav,F,0,1425,NORMAL
ZCH0319,NORMAL,clean Heartsound Data/NORMAL/ZCH0319.wav,ZCH0319.wav,both,ZCH0319.wav,F,0,2065,NORMAL
ZCH0320,NORMAL,clean Heartsound Data/NORMAL/ZCH0320.wav,ZCH0320.wav,both,ZCH0320.wav,F,0,2430,NORMAL
ZCH0321,NORMAL,clean Heartsound Data/NORMAL/ZCH0321.wav,ZCH0321.wav,both,ZCH0321.wav,M,1,1790,NORMAL
ZCH0322,NORMAL,clean Heartsound Data/NORMAL/ZCH0322.wav,ZCH0322.wav,both,ZCH0322.wav,F,0,4985,NORMAL
ZCH0323,NORMAL,clean Heartsound Data/NORMAL/ZCH0323.wav,ZCH0323.wav,both,ZCH0323.wav,M,1,2765,NORMAL
ZCH0324,NORMAL,clean Heartsound Data/NORMAL/ZCH0324.wav,ZCH0324.wav,both,ZCH0324.wav,M,1,365,NORMAL
ZCH0325,NORMAL,clean Heartsound Data/NORMAL/ZCH0325.wav,ZCH0325.wav,both,ZCH0325.wav,M,1,4710,NORMAL
ZCH0326,NORMAL,clean Heartsound Data/NORMAL/ZCH0326.wav,ZCH0326.wav,both,ZCH0326.wav,F,0,3890,NORMAL
ZCH0327,NORMAL,clean Heartsound Data/NORMAL/ZCH0327.wav,ZCH0327.wav,both,ZCH0327.wav,M,1,359,NORMAL
ZCH0328,NORMAL,clean Heartsound Data/NORMAL/ZCH0328.wav,ZCH0328.wav,both,ZCH0328.wav,M,1,1915,NORMAL
ZCH0329,NORMAL,clean Heartsound Data/NORMAL/ZCH0329.wav,ZCH0329.wav,both,ZCH0329.wav,M,1,365,NORMAL
ZCH0330,NORMAL,clean Heartsound Data/NORMAL/ZCH0330.wav,ZCH0330.wav,both,ZCH0330.wav,F,0,2615,NORMAL
ZCH0331,NORMAL,clean Heartsound Data/NORMAL/ZCH0331.wav,ZCH0331.wav,both,ZCH0331.wav,F,0,2460,NORMAL
ZCH0332,NORMAL,clean Heartsound Data/NORMAL/ZCH0332.wav,ZCH0332.wav,both,ZCH0332.wav,F,0,515,NORMAL
ZCH0333,NORMAL,clean Heartsound Data/NORMAL/ZCH0333.wav,ZCH0333.wav,both,ZCH0333.wav,M,1,2490,NORMAL
ZCH0334,NORMAL,clean Heartsound Data/NORMAL/ZCH0334.wav,ZCH0334.wav,both,ZCH0334.wav,M,1,515,NORMAL
ZCH0335,NORMAL,clean Heartsound Data/NORMAL/ZCH0335.wav,ZCH0335.wav,both,ZCH0335.wav,M,1,74,NORMAL
ZCH0336,NORMAL,clean Heartsound Data/NORMAL/ZCH0336.wav,ZCH0336.wav,both,ZCH0336.wav,M,1,1030,NORMAL
ZCH0337,NORMAL,clean Heartsound Data/NORMAL/ZCH0337.wav,ZCH0337.wav,both,ZCH0337.wav,F,0,425,NORMAL
ZCH0338,NORMAL,clean Heartsound Data/NORMAL/ZCH0338.wav,ZCH0338.wav,both,ZCH0338.wav,M,1,3375,NORMAL
ZCH0339,NORMAL,clean Heartsound Data/NORMAL/ZCH0339.wav,ZCH0339.wav,both,ZCH0339.wav,M,1,1825,NORMAL
ZCH0340,NORMAL,clean Heartsound Data/NORMAL/ZCH0340.wav,ZCH0340.wav,both,ZCH0340.wav,F,0,1670,NORMAL
ZCH0341,NORMAL,clean Heartsound Data/NORMAL/ZCH0341.wav,ZCH0341.wav,both,ZCH0341.wav,F,0,1825,NORMAL
ZCH0342,NORMAL,clean Heartsound Data/NORMAL/ZCH0342.wav,ZCH0342.wav,both,ZCH0342.wav,F,0,3800,NORMAL
ZCH0343,NORMAL,clean Heartsound Data/NORMAL/ZCH0343.wav,ZCH0343.wav,both,ZCH0343.wav,F,0,1365,NORMAL
ZCH0344,NORMAL,clean Heartsound Data/NORMAL/ZCH0344.wav,ZCH0344.wav,both,ZCH0344.wav,M,1,5260,NORMAL
ZCH0345,NORMAL,clean Heartsound Data/NORMAL/ZCH0345.wav,ZCH0345.wav,both,ZCH0345.wav,F,0,2520,NORMAL
ZCH0346,NORMAL,clean Heartsound Data/NORMAL/ZCH0346.wav,ZCH0346.wav,both,ZCH0346.wav,M,1,575,NORMAL
ZCH0347,NORMAL,clean Heartsound Data/NORMAL/ZCH0347.wav,ZCH0347.wav,both,ZCH0347.wav,M,1,1335,NORMAL
ZCH0348,NORMAL,clean Heartsound Data/NORMAL/ZCH0348.wav,ZCH0348.wav,both,ZCH0348.wav,F,0,1975,NORMAL
ZCH0349,NORMAL,clean Heartsound Data/NORMAL/ZCH0349.wav,ZCH0349.wav,both,ZCH0349.wav,M,1,485,NORMAL
ZCH0350,NORMAL,clean Heartsound Data/NORMAL/ZCH0350.wav,ZCH0350.wav,both,ZCH0350.wav,F,0,395,NORMAL
ZCH0351,NORMAL,clean Heartsound Data/NORMAL/ZCH0351.wav,ZCH0351.wav,both,ZCH0351.wav,M,1,1700,NORMAL
ZCH0352,NORMAL,clean Heartsound Data/NORMAL/ZCH0352.wav,ZCH0352.wav,both,ZCH0352.wav,M,1,1305,NORMAL
ZCH0353,NORMAL,clean Heartsound Data/NORMAL/ZCH0353.wav,ZCH0353.wav,both,ZCH0353.wav,M,1,880,NORMAL
ZCH0354,NORMAL,clean Heartsound Data/NORMAL/ZCH0354.wav,ZCH0354.wav,both,ZCH0354.wav,F,0,820,NORMAL
ZCH0355,NORMAL,clean Heartsound Data/NORMAL/ZCH0355.wav,ZCH0355.wav,both,ZCH0355.wav,F,0,365,NORMAL
ZCH0356,NORMAL,clean Heartsound Data/NORMAL/ZCH0356.wav,ZCH0356.wav,both,ZCH0356.wav,M,1,3250,NORMAL
ZCH0357,NORMAL,clean Heartsound Data/NORMAL/ZCH0357.wav,ZCH0357.wav,both,ZCH0357.wav,F,0,1730,NORMAL
ZCH0358,NORMAL,clean Heartsound Data/NORMAL/ZCH0358.wav,ZCH0358.wav,both,ZCH0358.wav,F,0,2555,NORMAL
ZCH0359,NORMAL,clean Heartsound Data/NORMAL/ZCH0359.wav,ZCH0359.wav,both,ZCH0359.wav,M,1,1425,NORMAL
ZCH0360,NORMAL,clean Heartsound Data/NORMAL/ZCH0360.wav,ZCH0360.wav,both,ZCH0360.wav,F,0,1640,NORMAL
ZCH0361,NORMAL,clean Heartsound Data/NORMAL/ZCH0361.wav,ZCH0361.wav,both,ZCH0361.wav,F,0,3010,NORMAL
ZCH0362,NORMAL,clean Heartsound Data/NORMAL/ZCH0362.wav,ZCH0362.wav,both,ZCH0362.wav,F,0,3465,NORMAL
ZCH0363,NORMAL,clean Heartsound Data/NORMAL/ZCH0363.wav,ZCH0363.wav,both,ZCH0363.wav,M,1,2645,NORMAL
ZCH0364,NORMAL,clean Heartsound Data/NORMAL/ZCH0364.wav,ZCH0364.wav,both,ZCH0364.wav,F,0,1855,NORMAL
ZCH0365,NORMAL,clean Heartsound Data/NORMAL/ZCH0365.wav,ZCH0365.wav,both,ZCH0365.wav,M,1,2555,NORMAL
ZCH0366,NORMAL,clean Heartsound Data/NORMAL/ZCH0366.wav,ZCH0366.wav,both,ZCH0366.wav,F,0,2005,NORMAL
ZCH0367,NORMAL,clean Heartsound Data/NORMAL/ZCH0367.wav,ZCH0367.wav,both,ZCH0367.wav,M,1,2735,NORMAL
ZCH0368,NORMAL,clean Heartsound Data/NORMAL/ZCH0368.wav,ZCH0368.wav,both,ZCH0368.wav,M,1,3770,NORMAL
ZCH0369,NORMAL,clean Heartsound Data/NORMAL/ZCH0369.wav,ZCH0369.wav,both,ZCH0369.wav,F,0,2125,NORMAL
ZCH0370,NORMAL,clean Heartsound Data/NORMAL/ZCH0370.wav,ZCH0370.wav,both,ZCH0370.wav,M,1,1275,NORMAL
ZCH0371,NORMAL,clean Heartsound Data/NORMAL/ZCH0371.wav,ZCH0371.wav,both,ZCH0371.wav,F,0,4560,NORMAL
ZCH0372,NORMAL,clean Heartsound Data/NORMAL/ZCH0372.wav,ZCH0372.wav,both,ZCH0372.wav,M,1,1060,NORMAL
ZCH0373,NORMAL,clean Heartsound Data/NORMAL/ZCH0373.wav,ZCH0373.wav,both,ZCH0373.wav,F,0,880,NORMAL
ZCH0374,NORMAL,clean Heartsound Data/NORMAL/ZCH0374.wav,ZCH0374.wav,both,ZCH0374.wav,F,0,1760,NORMAL
ZCH0375,NORMAL,clean Heartsound Data/NORMAL/ZCH0375.wav,ZCH0375.wav,both,ZCH0375.wav,M,1,1945,NORMAL
ZCH0376,NORMAL,clean Heartsound Data/NORMAL/ZCH0376.wav,ZCH0376.wav,both,ZCH0376.wav,M,1,455,NORMAL
ZCH0377,NORMAL,clean Heartsound Data/NORMAL/ZCH0377.wav,ZCH0377.wav,both,ZCH0377.wav,M,1,665,NORMAL
ZCH0378,NORMAL,clean Heartsound Data/NORMAL/ZCH0378.wav,ZCH0378.wav,both,ZCH0378.wav,M,1,365,NORMAL
ZCH0379,NORMAL,clean Heartsound Data/NORMAL/ZCH0379.wav,ZCH0379.wav,both,ZCH0379.wav,F,0,221,NORMAL
ZCH0380,NORMAL,clean Heartsound Data/NORMAL/ZCH0380.wav,ZCH0380.wav,both,ZCH0380.wav,M,1,365,NORMAL
ZCH0381,NORMAL,clean Heartsound Data/NORMAL/ZCH0381.wav,ZCH0381.wav,both,ZCH0381.wav,M,1,4680,NORMAL
ZCH0382,NORMAL,clean Heartsound Data/NORMAL/ZCH0382.wav,ZCH0382.wav,both,ZCH0382.wav,M,1,365,NORMAL
ZCH0383,NORMAL,clean Heartsound Data/NORMAL/ZCH0383.wav,ZCH0383.wav,both,ZCH0383.wav,M,1,2555,NORMAL
ZCH0384,NORMAL,clean Heartsound Data/NORMAL/ZCH0384.wav,ZCH0384.wav,both,ZCH0384.wav,M,1,4195,NORMAL
ZCH0385,NORMAL,clean Heartsound Data/NORMAL/ZCH0385.wav,ZCH0385.wav,both,ZCH0385.wav,M,1,3315,NORMAL
ZCH0386,NORMAL,clean Heartsound Data/NORMAL/ZCH0386.wav,ZCH0386.wav,both,ZCH0386.wav,F,0,4015,NORMAL
ZCH0387,NORMAL,clean Heartsound Data/NORMAL/ZCH0387.wav,ZCH0387.wav,both,ZCH0387.wav,M,1,1030,NORMAL
ZCH0388,NORMAL,clean Heartsound Data/NORMAL/ZCH0388.wav,ZCH0388.wav,both,ZCH0388.wav,M,1,1155,NORMAL
ZCH0389,NORMAL,clean Heartsound Data/NORMAL/ZCH0389.wav,ZCH0389.wav,both,ZCH0389.wav,M,1,2765,NORMAL
ZCH0390,NORMAL,clean Heartsound Data/NORMAL/ZCH0390.wav,ZCH0390.wav,both,ZCH0390.wav,M,1,5320,NORMAL
ZCH0391,NORMAL,clean Heartsound Data/NORMAL/ZCH0391.wav,ZCH0391.wav,both,ZCH0391.wav,M,1,515,NORMAL
ZCH0392,NORMAL,clean Heartsound Data/NORMAL/ZCH0392.wav,ZCH0392.wav,both,ZCH0392.wav,F,0,1000,NORMAL
ZCH0393,NORMAL,clean Heartsound Data/NORMAL/ZCH0393.wav,ZCH0393.wav,both,ZCH0393.wav,F,0,3250,NORMAL
ZCH0394,NORMAL,clean Heartsound Data/NORMAL/ZCH0394.wav,ZCH0394.wav,both,ZCH0394.wav,F,0,1030,NORMAL
ZCH0395,NORMAL,clean Heartsound Data/NORMAL/ZCH0395.wav,ZCH0395.wav,both,ZCH0395.wav,M,1,291,NORMAL
ZCH0396,NORMAL,clean Heartsound Data/NORMAL/ZCH0396.wav,ZCH0396.wav,both,ZCH0396.wav,F,0,1305,NORMAL
ZCH0397,NORMAL,clean Heartsound Data/NORMAL/ZCH0397.wav,ZCH0397.wav,both,ZCH0397.wav,M,1,820,NORMAL
ZCH0398,NORMAL,clean Heartsound Data/NORMAL/ZCH0398.wav,ZCH0398.wav,both,ZCH0398.wav,F,0,515,NORMAL
ZCH0399,NORMAL,clean Heartsound Data/NORMAL/ZCH0399.wav,ZCH0399.wav,both,ZCH0399.wav,M,1,820,NORMAL
ZCH0400,NORMAL,clean Heartsound Data/NORMAL/ZCH0400.wav,ZCH0400.wav,both,ZCH0400.wav,M,1,3220,NORMAL
ZCH0401,NORMAL,clean Heartsound Data/NORMAL/ZCH0401.wav,ZCH0401.wav,both,ZCH0401.wav,M,1,1885,NORMAL
ZCH0402,NORMAL,clean Heartsound Data/NORMAL/ZCH0402.wav,ZCH0402.wav,both,ZCH0402.wav,M,1,2155,NORMAL
ZCH0403,NORMAL,clean Heartsound Data/NORMAL/ZCH0403.wav,ZCH0403.wav,both,ZCH0403.wav,M,1,1425,NORMAL
ZCH0404,NORMAL,clean Heartsound Data/NORMAL/ZCH0404.wav,ZCH0404.wav,both,ZCH0404.wav,M,1,3220,NORMAL
ZCH0405,NORMAL,clean Heartsound Data/NORMAL/ZCH0405.wav,ZCH0405.wav,both,ZCH0405.wav,F,0,1520,NORMAL
ZCH0406,NORMAL,clean Heartsound Data/NORMAL/ZCH0406.wav,ZCH0406.wav,both,ZCH0406.wav,M,1,395,NORMAL
ZCH0407,NORMAL,clean Heartsound Data/NORMAL/ZCH0407.wav,ZCH0407.wav,both,ZCH0407.wav,M,1,1215,NORMAL
ZCH0408,NORMAL,clean Heartsound Data/NORMAL/ZCH0408.wav,ZCH0408.wav,both,ZCH0408.wav,M,1,2490,NORMAL
ZCH0409,NORMAL,clean Heartsound Data/NORMAL/ZCH0409.wav,ZCH0409.wav,both,ZCH0409.wav,F,0,1305,NORMAL
ZCH0410,NORMAL,clean Heartsound Data/NORMAL/ZCH0410.wav,ZCH0410.wav,both,ZCH0410.wav,M,1,695,NORMAL
ZCH0411,NORMAL,clean Heartsound Data/NORMAL/ZCH0411.wav,ZCH0411.wav,both,ZCH0411.wav,F,0,730,NORMAL
ZCH0412,NORMAL,clean Heartsound Data/NORMAL/ZCH0412.wav,ZCH0412.wav,both,ZCH0412.wav,F,0,4165,NORMAL
ZCH0413,NORMAL,clean Heartsound Data/NORMAL/ZCH0413.wav,ZCH0413.wav,both,ZCH0413.wav,F,0,2555,NORMAL
ZCH0414,NORMAL,clean Heartsound Data/NORMAL/ZCH0414.wav,ZCH0414.wav,both,ZCH0414.wav,M,1,2095,NORMAL
ZCH0415,NORMAL,clean Heartsound Data/NORMAL/ZCH0415.wav,ZCH0415.wav,both,ZCH0415.wav,F,0,2825,NORMAL
ZCH0416,NORMAL,clean Heartsound Data/NORMAL/ZCH0416.wav,ZCH0416.wav,both,ZCH0416.wav,M,1,365,NORMAL
ZCH0417,NORMAL,clean Heartsound Data/NORMAL/ZCH0417.wav,ZCH0417.wav,both,ZCH0417.wav,M,1,760,NORMAL
ZCH0418,NORMAL,clean Heartsound Data/NORMAL/ZCH0418.wav,ZCH0418.wav,both,ZCH0418.wav,M,1,455,NORMAL
ZCH0419,NORMAL,clean Heartsound Data/NORMAL/ZCH0419.wav,ZCH0419.wav,both,ZCH0419.wav,M,1,262,NORMAL
ZCH0420,NORMAL,clean Heartsound Data/NORMAL/ZCH0420.wav,ZCH0420.wav,both,ZCH0420.wav,F,0,2065,NORMAL
ZCH0421,NORMAL,clean Heartsound Data/NORMAL/ZCH0421.wav,ZCH0421.wav,both,ZCH0421.wav,M,1,1700,NORMAL
ZCH0422,NORMAL,clean Heartsound Data/NORMAL/ZCH0422.wav,ZCH0422.wav,both,ZCH0422.wav,F,0,1945,NORMAL
ZCH0423,NORMAL,clean Heartsound Data/NORMAL/ZCH0423.wav,ZCH0423.wav,both,ZCH0423.wav,F,0,2615,NORMAL
ZCH0424,NORMAL,clean Heartsound Data/NORMAL/ZCH0424.wav,ZCH0424.wav,both,ZCH0424.wav,M,1,970,NORMAL
ZCH0425,NORMAL,clean Heartsound Data/NORMAL/ZCH0425.wav,ZCH0425.wav,both,ZCH0425.wav,F,0,1125,NORMAL
ZCH0426,NORMAL,clean Heartsound Data/NORMAL/ZCH0426.wav,ZCH0426.wav,both,ZCH0426.wav,F,0,820,NORMAL
ZCH0427,NORMAL,clean Heartsound Data/NORMAL/ZCH0427.wav,ZCH0427.wav,both,ZCH0427.wav,F,0,2400,NORMAL
ZCH0428,NORMAL,clean Heartsound Data/NORMAL/ZCH0428.wav,ZCH0428.wav,both,ZCH0428.wav,F,0,2921,NORMAL
ZCH0429,NORMAL,clean Heartsound Data/NORMAL/ZCH0429.wav,ZCH0429.wav,both,ZCH0429.wav,F,0,820,NORMAL
ZCH0430,NORMAL,clean Heartsound Data/NORMAL/ZCH0430.wav,ZCH0430.wav,both,ZCH0430.wav,F,0,1155,NORMAL
ZCH0431,NORMAL,clean Heartsound Data/NORMAL/ZCH0431.wav,ZCH0431.wav,both,ZCH0431.wav,M,1,1125,NORMAL
ZCH0432,NORMAL,clean Heartsound Data/NORMAL/ZCH0432.wav,ZCH0432.wav,both,ZCH0432.wav,M,1,2370,NORMAL
ZCH0433,NORMAL,clean Heartsound Data/NORMAL/ZCH0433.wav,ZCH0433.wav,both,ZCH0433.wav,M,1,204,NORMAL
ZCH0434,NORMAL,clean Heartsound Data/NORMAL/ZCH0434.wav,ZCH0434.wav,both,ZCH0434.wav,M,1,1670,NORMAL
ZCH0435,NORMAL,clean Heartsound Data/NORMAL/ZCH0435.wav,ZCH0435.wav,both,ZCH0435.wav,F,0,3435,NORMAL
ZCH0436,NORMAL,clean Heartsound Data/NORMAL/ZCH0436.wav,ZCH0436.wav,both,ZCH0436.wav,M,1,4620,NORMAL
ZCH0437,NORMAL,clean Heartsound Data/NORMAL/ZCH0437.wav,ZCH0437.wav,both,ZCH0437.wav,M,1,545,NORMAL
ZCH0438,NORMAL,clean Heartsound Data/NORMAL/ZCH0438.wav,ZCH0438.wav,both,ZCH0438.wav,F,0,2191,NORMAL
ZCH0439,NORMAL,clean Heartsound Data/NORMAL/ZCH0439.wav,ZCH0439.wav,both,ZCH0439.wav,M,1,2735,NORMAL
ZCH0440,NORMAL,clean Heartsound Data/NORMAL/ZCH0440.wav,ZCH0440.wav,both,ZCH0440.wav,M,1,3495,NORMAL
ZCH0441,NORMAL,clean Heartsound Data/NORMAL/ZCH0441.wav,ZCH0441.wav,both,ZCH0441.wav,F,0,295,NORMAL
ZCH0442,NORMAL,clean Heartsound Data/NORMAL/ZCH0442.wav,ZCH0442.wav,both,ZCH0442.wav,M,1,1610,NORMAL
ZCH0443,NORMAL,clean Heartsound Data/NORMAL/ZCH0443.wav,ZCH0443.wav,both,ZCH0443.wav,M,1,2125,NORMAL
ZCH0444,NORMAL,clean Heartsound Data/NORMAL/ZCH0444.wav,ZCH0444.wav,both,ZCH0444.wav,F,0,2035,NORMAL
ZCH0445,NORMAL,clean Heartsound Data/NORMAL/ZCH0445.wav,ZCH0445.wav,both,ZCH0445.wav,F,0,3250,NORMAL
ZCH0446,NORMAL,clean Heartsound Data/NORMAL/ZCH0446.wav,ZCH0446.wav,both,ZCH0446.wav,F,0,970,NORMAL
ZCH0447,NORMAL,clean Heartsound Data/NORMAL/ZCH0447.wav,ZCH0447.wav,both,ZCH0447.wav,M,1,3555,NORMAL
ZCH0448,NORMAL,clean Heartsound Data/NORMAL/ZCH0448.wav,ZCH0448.wav,both,ZCH0448.wav,M,1,1000,NORMAL
ZCH0449,NORMAL,clean Heartsound Data/NORMAL/ZCH0449.wav,ZCH0449.wav,both,ZCH0449.wav,M,1,336,NORMAL
ZCH0450,NORMAL,clean Heartsound Data/NORMAL/ZCH0450.wav,ZCH0450.wav,both,ZCH0450.wav,F,0,1305,NORMAL
ZCH0451,NORMAL,clean Heartsound Data/NORMAL/ZCH0451.wav,ZCH0451.wav,both,ZCH0451.wav,F,0,910,NORMAL
ZCH0452,NORMAL,clean Heartsound Data/NORMAL/ZCH0452.wav,ZCH0452.wav,both,ZCH0452.wav,F,0,1885,NORMAL
ZCH0453,NORMAL,clean Heartsound Data/NORMAL/ZCH0453.wav,ZCH0453.wav,both,ZCH0453.wav,F,0,455,NORMAL
ZCH0454,NORMAL,clean Heartsound Data/NORMAL/ZCH0454.wav,ZCH0454.wav,both,ZCH0454.wav,M,1,358,NORMAL
ZCH0455,NORMAL,clean Heartsound Data/NORMAL/ZCH0455.wav,ZCH0455.wav,both,ZCH0455.wav,M,1,366,NORMAL
ZCH0456,NORMAL,clean Heartsound Data/NORMAL/ZCH0456.wav,ZCH0456.wav,both,ZCH0456.wav,F,0,425,NORMAL
ZCH0457,NORMAL,clean Heartsound Data/NORMAL/ZCH0457.wav,ZCH0457.wav,both,ZCH0457.wav,M,1,1395,NORMAL
ZCH0458,NORMAL,clean Heartsound Data/NORMAL/ZCH0458.wav,ZCH0458.wav,both,ZCH0458.wav,F,0,287,NORMAL
ZCH0459,NORMAL,clean Heartsound Data/NORMAL/ZCH0459.wav,ZCH0459.wav,both,ZCH0459.wav,F,0,1215,NORMAL
ZCH0460,NORMAL,clean Heartsound Data/NORMAL/ZCH0460.wav,ZCH0460.wav,both,ZCH0460.wav,M,1,485,NORMAL
ZCH0461,NORMAL,clean Heartsound Data/NORMAL/ZCH0461.wav,ZCH0461.wav,both,ZCH0461.wav,M,1,575,NORMAL
ZCH0462,NORMAL,clean Heartsound Data/NORMAL/ZCH0462.wav,ZCH0462.wav,both,ZCH0462.wav,F,0,910,NORMAL
ZCH0463,NORMAL,clean Heartsound Data/NORMAL/ZCH0463.wav,ZCH0463.wav,both,ZCH0463.wav,M,1,1395,NORMAL
ZCH0464,NORMAL,clean Heartsound Data/NORMAL/ZCH0464.wav,ZCH0464.wav,both,ZCH0464.wav,M,1,575,NORMAL
ZCH0465,NORMAL,clean Heartsound Data/NORMAL/ZCH0465.wav,ZCH0465.wav,both,ZCH0465.wav,M,1,970,NORMAL
ZCH0466,NORMAL,clean Heartsound Data/NORMAL/ZCH0466.wav,ZCH0466.wav,both,ZCH0466.wav,M,1,1885,NORMAL
ZCH0467,NORMAL,clean Heartsound Data/NORMAL/ZCH0467.wav,ZCH0467.wav,both,ZCH0467.wav,F,0,425,NORMAL
ZCH0468,NORMAL,clean Heartsound Data/NORMAL/ZCH0468.wav,ZCH0468.wav,both,ZCH0468.wav,M,1,185,NORMAL
ZCH0469,NORMAL,clean Heartsound Data/NORMAL/ZCH0469.wav,ZCH0469.wav,both,ZCH0469.wav,M,1,91,NORMAL
ZCH0470,NORMAL,clean Heartsound Data/NORMAL/ZCH0470.wav,ZCH0470.wav,both,ZCH0470.wav,M,1,1215,NORMAL
ZCH0471,NORMAL,clean Heartsound Data/NORMAL/ZCH0471.wav,ZCH0471.wav,both,ZCH0471.wav,F,0,515,NORMAL
ZCH0472,NORMAL,clean Heartsound Data/NORMAL/ZCH0472.wav,ZCH0472.wav,both,ZCH0472.wav,F,0,515,NORMAL
ZCH0473,NORMAL,clean Heartsound Data/NORMAL/ZCH0473.wav,ZCH0473.wav,both,ZCH0473.wav,M,1,2975,NORMAL
ZCH0474,NORMAL,clean Heartsound Data/NORMAL/ZCH0474.wav,ZCH0474.wav,both,ZCH0474.wav,F,0,1975,NORMAL
ZCH0475,NORMAL,clean Heartsound Data/NORMAL/ZCH0475.wav,ZCH0475.wav,both,ZCH0475.wav,F,0,3345,NORMAL
ZCH0476,NORMAL,clean Heartsound Data/NORMAL/ZCH0476.wav,ZCH0476.wav,both,ZCH0476.wav,M,1,3405,NORMAL
ZCH0477,NORMAL,clean Heartsound Data/NORMAL/ZCH0477.wav,ZCH0477.wav,both,ZCH0477.wav,M,1,195,NORMAL
ZCH0478,NORMAL,clean Heartsound Data/NORMAL/ZCH0478.wav,ZCH0478.wav,both,ZCH0478.wav,F,0,2095,NORMAL
ZCH0479,NORMAL,clean Heartsound Data/NORMAL/ZCH0479.wav,ZCH0479.wav,both,ZCH0479.wav,M,1,910,NORMAL
ZCH0480,NORMAL,clean Heartsound Data/NORMAL/ZCH0480.wav,ZCH0480.wav,both,ZCH0480.wav,F,0,605,NORMAL
ZCH0481,NORMAL,clean Heartsound Data/NORMAL/ZCH0481.wav,ZCH0481.wav,both,ZCH0481.wav,M,1,1245,NORMAL
ZCH0482,NORMAL,clean Heartsound Data/NORMAL/ZCH0482.wav,ZCH0482.wav,both,ZCH0482.wav,M,1,731,NORMAL
ZCH0483,NORMAL,clean Heartsound Data/NORMAL/ZCH0483.wav,ZCH0483.wav,both,ZCH0483.wav,M,1,196,NORMAL
ZCH0484,NORMAL,clean Heartsound Data/NORMAL/ZCH0484.wav,ZCH0484.wav,both,ZCH0484.wav,M,1,731,NORMAL
ZCH0485,NORMAL,clean Heartsound Data/NORMAL/ZCH0485.wav,ZCH0485.wav,both,ZCH0485.wav,F,0,201,NORMAL
ZCH0486,NORMAL,clean Heartsound Data/NORMAL/ZCH0486.wav,ZCH0486.wav,both,ZCH0486.wav,M,1,395,NORMAL
ZCH0487,NORMAL,clean Heartsound Data/NORMAL/ZCH0487.wav,ZCH0487.wav,both,ZCH0487.wav,F,0,910,NORMAL
ZCH0488,NORMAL,clean Heartsound Data/NORMAL/ZCH0488.wav,ZCH0488.wav,both,ZCH0488.wav,F,0,2125,NORMAL
ZCH0489,NORMAL,clean Heartsound Data/NORMAL/ZCH0489.wav,ZCH0489.wav,both,ZCH0489.wav,M,1,3287,NORMAL
ZCH0490,NORMAL,clean Heartsound Data/NORMAL/ZCH0490.wav,ZCH0490.wav,both,ZCH0490.wav,M,1,3830,NORMAL
ZCH0491,NORMAL,clean Heartsound Data/NORMAL/ZCH0491.wav,ZCH0491.wav,both,ZCH0491.wav,M,1,2735,NORMAL
ZCH0492,NORMAL,clean Heartsound Data/NORMAL/ZCH0492.wav,ZCH0492.wav,both,ZCH0492.wav,F,0,4925,NORMAL
ZCH0493,NORMAL,clean Heartsound Data/NORMAL/ZCH0493.wav,ZCH0493.wav,both,ZCH0493.wav,F,0,2645,NORMAL
ZCH0494,NORMAL,clean Heartsound Data/NORMAL/ZCH0494.wav,ZCH0494.wav,both,ZCH0494.wav,M,1,1790,NORMAL
ZCH0495,NORMAL,clean Heartsound Data/NORMAL/ZCH0495.wav,ZCH0495.wav,both,ZCH0495.wav,F,0,910,NORMAL
ZCH0496,NORMAL,clean Heartsound Data/NORMAL/ZCH0496.wav,ZCH0496.wav,both,ZCH0496.wav,M,1,1060,NORMAL
ZCH0497,NORMAL,clean Heartsound Data/NORMAL/ZCH0497.wav,ZCH0497.wav,both,ZCH0497.wav,M,1,4381,NORMAL
ZCH0498,NORMAL,clean Heartsound Data/NORMAL/ZCH0498.wav,ZCH0498.wav,both,ZCH0498.wav,M,1,1580,NORMAL
ZCH0499,NORMAL,clean Heartsound Data/NORMAL/ZCH0499.wav,ZCH0499.wav,both,ZCH0499.wav,F,0,2310,NORMAL
ZCH0500,NORMAL,clean Heartsound Data/NORMAL/ZCH0500.wav,ZCH0500.wav,both,ZCH0500.wav,M,1,1580,NORMAL
ZCH0501,NORMAL,clean Heartsound Data/NORMAL/ZCH0501.wav,ZCH0501.wav,both,ZCH0501.wav,F,0,1885,NORMAL
ZCH0502,NORMAL,clean Heartsound Data/NORMAL/ZCH0502.wav,ZCH0502.wav,both,ZCH0502.wav,F,0,665,NORMAL
ZCH0503,NORMAL,clean Heartsound Data/NORMAL/ZCH0503.wav,ZCH0503.wav,both,ZCH0503.wav,M,1,665,NORMAL
ZCH0504,NORMAL,clean Heartsound Data/NORMAL/ZCH0504.wav,ZCH0504.wav,both,ZCH0504.wav,F,0,190,NORMAL
ZCH0505,NORMAL,clean Heartsound Data/NORMAL/ZCH0505.wav,ZCH0505.wav,both,ZCH0505.wav,F,0,4165,NORMAL
ZCH0506,NORMAL,clean Heartsound Data/NORMAL/ZCH0506.wav,ZCH0506.wav,both,ZCH0506.wav,M,1,1275,NORMAL
ZCH0507,NORMAL,clean Heartsound Data/NORMAL/ZCH0507.wav,ZCH0507.wav,both,ZCH0507.wav,M,1,214,NORMAL
ZCH0508,NORMAL,clean Heartsound Data/NORMAL/ZCH0508.wav,ZCH0508.wav,both,ZCH0508.wav,M,1,220,NORMAL
ZCH0509,NORMAL,clean Heartsound Data/NORMAL/ZCH0509.wav,ZCH0509.wav,both,ZCH0509.wav,M,1,3315,NORMAL
ZCH0510,NORMAL,clean Heartsound Data/NORMAL/ZCH0510.wav,ZCH0510.wav,both,ZCH0510.wav,F,0,2825,NORMAL
ZCH0511,NORMAL,clean Heartsound Data/NORMAL/ZCH0511.wav,ZCH0511.wav,both,ZCH0511.wav,M,1,2430,NORMAL
ZCH0512,NORMAL,clean Heartsound Data/NORMAL/ZCH0512.wav,ZCH0512.wav,both,ZCH0512.wav,M,1,341,NORMAL
ZCH0513,NORMAL,clean Heartsound Data/NORMAL/ZCH0513.wav,ZCH0513.wav,both,ZCH0513.wav,F,0,3435,NORMAL
ZCH0514,NORMAL,clean Heartsound Data/NORMAL/ZCH0514.wav,ZCH0514.wav,both,ZCH0514.wav,F,0,485,NORMAL
ZCH0515,NORMAL,clean Heartsound Data/NORMAL/ZCH0515.wav,ZCH0515.wav,both,ZCH0515.wav,F,0,232,NORMAL
ZCH0516,NORMAL,clean Heartsound Data/NORMAL/ZCH0516.wav,ZCH0516.wav,both,ZCH0516.wav,M,1,148,NORMAL
ZCH0517,NORMAL,clean Heartsound Data/NORMAL/ZCH0517.wav,ZCH0517.wav,both,ZCH0517.wav,F,0,203,NORMAL
ZCH0518,NORMAL,clean Heartsound Data/NORMAL/ZCH0518.wav,ZCH0518.wav,both,ZCH0518.wav,F,0,220,NORMAL
ZCH0519,NORMAL,clean Heartsound Data/NORMAL/ZCH0519.wav,ZCH0519.wav,both,ZCH0519.wav,M,1,1461,NORMAL
ZCH0520,NORMAL,clean Heartsound Data/NORMAL/ZCH0520.wav,ZCH0520.wav,both,ZCH0520.wav,F,0,1125,NORMAL
ZCH0521,NORMAL,clean Heartsound Data/NORMAL/ZCH0521.wav,ZCH0521.wav,both,ZCH0521.wav,F,0,880,NORMAL
ZCH0522,NORMAL,clean Heartsound Data/NORMAL/ZCH0522.wav,ZCH0522.wav,both,ZCH0522.wav,M,1,365,NORMAL
ZCH0523,NORMAL,clean Heartsound Data/NORMAL/ZCH0523.wav,ZCH0523.wav,both,ZCH0523.wav,M,1,2795,NORMAL
ZCH0524,NORMAL,clean Heartsound Data/NORMAL/ZCH0524.wav,ZCH0524.wav,both,ZCH0524.wav,M,1,1275,NORMAL
ZCH0525,NORMAL,clean Heartsound Data/NORMAL/ZCH0525.wav,ZCH0525.wav,both,ZCH0525.wav,F,0,940,NORMAL
ZCH0526,NORMAL,clean Heartsound Data/NORMAL/ZCH0526.wav,ZCH0526.wav,both,ZCH0526.wav,M,1,2490,NORMAL
ZCH0527,NORMAL,clean Heartsound Data/NORMAL/ZCH0527.wav,ZCH0527.wav,both,ZCH0527.wav,F,0,1155,NORMAL
ZCH0528,NORMAL,clean Heartsound Data/NORMAL/ZCH0528.wav,ZCH0528.wav,both,ZCH0528.wav,M,1,635,NORMAL
ZCH0529,NORMAL,clean Heartsound Data/NORMAL/ZCH0529.wav,ZCH0529.wav,both,ZCH0529.wav,F,0,3130,NORMAL
ZCH0530,NORMAL,clean Heartsound Data/NORMAL/ZCH0530.wav,ZCH0530.wav,both,ZCH0530.wav,F,0,4710,NORMAL
ZCH0531,NORMAL,clean Heartsound Data/NORMAL/ZCH0531.wav,ZCH0531.wav,both,ZCH0531.wav,M,1,175,NORMAL
ZCH0532,NORMAL,clean Heartsound Data/NORMAL/ZCH0532.wav,ZCH0532.wav,both,ZCH0532.wav,F,0,2035,NORMAL
ZCH0533,NORMAL,clean Heartsound Data/NORMAL/ZCH0533.wav,ZCH0533.wav,both,ZCH0533.wav,F,0,605,NORMAL
ZCH0653,PDA,clean Heartsound Data/PDA/ZCH0653.wav,ZCH0653.wav,both,ZCH0653.wav,F,0,268,PDA
ZCH0654,PDA,clean Heartsound Data/PDA/ZCH0654.wav,ZCH0654.wav,both,ZCH0654.wav,M,1,395,PDA
ZCH0655,PDA,clean Heartsound Data/PDA/ZCH0655.wav,ZCH0655.wav,both,ZCH0655.wav,F,0,1245,PDA
ZCH0656,PDA,clean Heartsound Data/PDA/ZCH0656.wav,ZCH0656.wav,both,ZCH0656.wav,M,1,142,PDA
ZCH0657,PDA,clean Heartsound Data/PDA/ZCH0657.wav,ZCH0657.wav,both,ZCH0657.wav,F,0,365,PDA
ZCH0658,PDA,clean Heartsound Data/PDA/ZCH0658.wav,ZCH0658.wav,both,ZCH0658.wav,F,0,4680,PDA
ZCH0659,PDA,clean Heartsound Data/PDA/ZCH0659.wav,ZCH0659.wav,both,ZCH0659.wav,M,1,2400,PDA
ZCH0660,PDA,clean Heartsound Data/PDA/ZCH0660.wav,ZCH0660.wav,both,ZCH0660.wav,F,0,193,PDA
ZCH0661,PDA,clean Heartsound Data/PDA/ZCH0661.wav,ZCH0661.wav,both,ZCH0661.wav,F,0,910,PDA
ZCH0662,PDA,clean Heartsound Data/PDA/ZCH0662.wav,ZCH0662.wav,both,ZCH0662.wav,M,1,1060,PDA
ZCH0663,PDA,clean Heartsound Data/PDA/ZCH0663.wav,ZCH0663.wav,both,ZCH0663.wav,F,0,2775,PDA
ZCH0664,PDA,clean Heartsound Data/PDA/ZCH0664.wav,ZCH0664.wav,both,ZCH0664.wav,M,1,850,PDA
ZCH0665,PDA,clean Heartsound Data/PDA/ZCH0665.wav,ZCH0665.wav,both,ZCH0665.wav,F,0,2035,PDA
ZCH0666,PDA,clean Heartsound Data/PDA/ZCH0666.wav,ZCH0666.wav,both,ZCH0666.wav,F,0,194,PDA
ZCH0667,PDA,clean Heartsound Data/PDA/ZCH0667.wav,ZCH0667.wav,both,ZCH0667.wav,F,0,880,PDA
ZCH0668,PDA,clean Heartsound Data/PDA/ZCH0668.wav,ZCH0668.wav,both,ZCH0668.wav,M,1,1125,PDA
ZCH0669,PDA,clean Heartsound Data/PDA/ZCH0669.wav,ZCH0669.wav,both,ZCH0669.wav,M,1,285,PDA
ZCH0670,PDA,clean Heartsound Data/PDA/ZCH0670.wav,ZCH0670.wav,both,ZCH0670.wav,M,1,236,PDA
ZCH0671,PDA,clean Heartsound Data/PDA/ZCH0671.wav,ZCH0671.wav,both,ZCH0671.wav,F,0,359,PDA
ZCH0672,PDA,clean Heartsound Data/PDA/ZCH0672.wav,ZCH0672.wav,both,ZCH0672.wav,F,0,221,PDA
ZCH0673,PDA,clean Heartsound Data/PDA/ZCH0673.wav,ZCH0673.wav,both,ZCH0673.wav,M,1,3950,PDA
ZCH0674,PDA,clean Heartsound Data/PDA/ZCH0674.wav,ZCH0674.wav,both,ZCH0674.wav,F,0,1365,PDA
ZCH0675,PDA,clean Heartsound Data/PDA/ZCH0675.wav,ZCH0675.wav,both,ZCH0675.wav,M,1,111,PDA
ZCH0676,PDA,clean Heartsound Data/PDA/ZCH0676.wav,ZCH0676.wav,both,ZCH0676.wav,F,0,1945,PDA
ZCH0677,PDA,clean Heartsound Data/PDA/ZCH0677.wav,ZCH0677.wav,both,ZCH0677.wav,F,0,2125,PDA
ZCH0678,PDA,clean Heartsound Data/PDA/ZCH0678.wav,ZCH0678.wav,both,ZCH0678.wav,F,0,38,PDA
ZCH0679,PDA,clean Heartsound Data/PDA/ZCH0679.wav,ZCH0679.wav,both,ZCH0679.wav,M,1,78,PDA
ZCH0680,PDA,clean Heartsound Data/PDA/ZCH0680.wav,ZCH0680.wav,both,ZCH0680.wav,F,0,42,PDA
ZCH0681,PDA,clean Heartsound Data/PDA/ZCH0681.wav,ZCH0681.wav,both,ZCH0681.wav,F,0,208,PDA
ZCH0682,PDA,clean Heartsound Data/PDA/ZCH0682.wav,ZCH0682.wav,both,ZCH0682.wav,M,1,545,PDA
ZCH0683,PDA,clean Heartsound Data/PDA/ZCH0683.wav,ZCH0683.wav,both,ZCH0683.wav,M,1,515,PDA
ZCH0684,PDA,clean Heartsound Data/PDA/ZCH0684.wav,ZCH0684.wav,both,ZCH0684.wav,F,0,1275,PDA
ZCH0685,PFO,clean Heartsound Data/PFO/ZCH0685.wav,ZCH0685.wav,both,ZCH0685.wav,F,0,85,PFO
ZCH0686,PFO,clean Heartsound Data/PFO/ZCH0686.wav,ZCH0686.wav,both,ZCH0686.wav,M,1,2095,PFO
ZCH0687,PFO,clean Heartsound Data/PFO/ZCH0687.wav,ZCH0687.wav,both,ZCH0687.wav,M,1,455,PFO
ZCH0688,PFO,clean Heartsound Data/PFO/ZCH0688.wav,ZCH0688.wav,both,ZCH0688.wav,M,1,27,PFO
ZCH0689,PFO,clean Heartsound Data/PFO/ZCH0689.wav,ZCH0689.wav,both,ZCH0689.wav,F,0,109,PFO
ZCH0690,PFO,clean Heartsound Data/PFO/ZCH0690.wav,ZCH0690.wav,both,ZCH0690.wav,F,0,95,PFO
ZCH0691,PFO,clean Heartsound Data/PFO/ZCH0691.wav,ZCH0691.wav,both,ZCH0691.wav,M,1,98,PFO
ZCH0692,PFO,clean Heartsound Data/PFO/ZCH0692.wav,ZCH0692.wav,both,ZCH0692.wav,F,0,66,PFO
ZCH0693,PFO,clean Heartsound Data/PFO/ZCH0693.wav,ZCH0693.wav,both,ZCH0693.wav,F,0,62,PFO
ZCH0694,PFO,clean Heartsound Data/PFO/ZCH0694.wav,ZCH0694.wav,both,ZCH0694.wav,F,0,41,PFO
ZCH0695,PFO,clean Heartsound Data/PFO/ZCH0695.wav,ZCH0695.wav,both,ZCH0695.wav,M,1,74,PFO
ZCH0696,PFO,clean Heartsound Data/PFO/ZCH0696.wav,ZCH0696.wav,both,ZCH0696.wav,M,1,88,PFO
ZCH0697,PFO,clean Heartsound Data/PFO/ZCH0697.wav,ZCH0697.wav,both,ZCH0697.wav,M,1,339,PFO
ZCH0698,PFO,clean Heartsound Data/PFO/ZCH0698.wav,ZCH0698.wav,both,ZCH0698.wav,F,0,186,PFO
ZCH0699,PFO,clean Heartsound Data/PFO/ZCH0699.wav,ZCH0699.wav,both,ZCH0699.wav,M,1,2,PFO
ZCH0700,PFO,clean Heartsound Data/PFO/ZCH0700.wav,ZCH0700.wav,both,ZCH0700.wav,M,1,27,PFO
ZCH0701,PFO,clean Heartsound Data/PFO/ZCH0701.wav,ZCH0701.wav,both,ZCH0701.wav,M,1,66,PFO
ZCH0702,PFO,clean Heartsound Data/PFO/ZCH0702.wav,ZCH0702.wav,both,ZCH0702.wav,F,0,259,PFO
ZCH0703,PFO,clean Heartsound Data/PFO/ZCH0703.wav,ZCH0703.wav,both,ZCH0703.wav,F,0,359,PFO
ZCH0704,PFO,clean Heartsound Data/PFO/ZCH0704.wav,ZCH0704.wav,both,ZCH0704.wav,M,1,209,PFO
ZCH0705,PFO,clean Heartsound Data/PFO/ZCH0705.wav,ZCH0705.wav,both,ZCH0705.wav,M,1,2490,PFO
ZCH0706,PFO,clean Heartsound Data/PFO/ZCH0706.wav,ZCH0706.wav,both,ZCH0706.wav,M,1,184,PFO
ZCH0707,PFO,clean Heartsound Data/PFO/ZCH0707.wav,ZCH0707.wav,both,ZCH0707.wav,F,0,1520,PFO
ZCH0708,PFO,clean Heartsound Data/PFO/ZCH0708.wav,ZCH0708.wav,both,ZCH0708.wav,F,0,760,PFO
ZCH0709,PFO,clean Heartsound Data/PFO/ZCH0709.wav,ZCH0709.wav,both,ZCH0709.wav,F,0,68,PFO
ZCH0710,PFO,clean Heartsound Data/PFO/ZCH0710.wav,ZCH0710.wav,both,ZCH0710.wav,F,0,240,PFO
ZCH0711,PFO,clean Heartsound Data/PFO/ZCH0711.wav,ZCH0711.wav,both,ZCH0711.wav,M,1,93,PFO
ZCH0712,PFO,clean Heartsound Data/PFO/ZCH0712.wav,ZCH0712.wav,both,ZCH0712.wav,M,1,38,PFO
ZCH0713,PFO,clean Heartsound Data/PFO/ZCH0713.wav,ZCH0713.wav,both,ZCH0713.wav,F,0,41,PFO
ZCH0714,PFO,clean Heartsound Data/PFO/ZCH0714.wav,ZCH0714.wav,both,ZCH0714.wav,F,0,1460,PFO
ZCH0715,PFO,clean Heartsound Data/PFO/ZCH0715.wav,ZCH0715.wav,both,ZCH0715.wav,M,1,107,PFO
ZCH0716,PFO,clean Heartsound Data/PFO/ZCH0716.wav,ZCH0716.wav,both,ZCH0716.wav,F,0,30,PFO
ZCH0717,PFO,clean Heartsound Data/PFO/ZCH0717.wav,ZCH0717.wav,both,ZCH0717.wav,M,1,100,PFO
ZCH0718,PFO,clean Heartsound Data/PFO/ZCH0718.wav,ZCH0718.wav,both,ZCH0718.wav,M,1,89,PFO
ZCH0719,PFO,clean Heartsound Data/PFO/ZCH0719.wav,ZCH0719.wav,both,ZCH0719.wav,F,0,485,PFO
ZCH0720,PFO,clean Heartsound Data/PFO/ZCH0720.wav,ZCH0720.wav,both,ZCH0720.wav,M,1,116,PFO
ZCH0721,PFO,clean Heartsound Data/PFO/ZCH0721.wav,ZCH0721.wav,both,ZCH0721.wav,M,1,485,PFO
ZCH0722,PFO,clean Heartsound Data/PFO/ZCH0722.wav,ZCH0722.wav,both,ZCH0722.wav,M,1,136,PFO
ZCH0723,PFO,clean Heartsound Data/PFO/ZCH0723.wav,ZCH0723.wav,both,ZCH0723.wav,F,0,58,PFO
ZCH0724,PFO,clean Heartsound Data/PFO/ZCH0724.wav,ZCH0724.wav,both,ZCH0724.wav,F,0,66,PFO
ZCH0725,PFO,clean Heartsound Data/PFO/ZCH0725.wav,ZCH0725.wav,both,ZCH0725.wav,F,0,57,PFO
ZCH0726,PFO,clean Heartsound Data/PFO/ZCH0726.wav,ZCH0726.wav,both,ZCH0726.wav,M,1,48,PFO
ZCH0727,PFO,clean Heartsound Data/PFO/ZCH0727.wav,ZCH0727.wav,both,ZCH0727.wav,F,0,191,PFO
ZCH0728,PFO,clean Heartsound Data/PFO/ZCH0728.wav,ZCH0728.wav,both,ZCH0728.wav,F,0,98,PFO
ZCH0729,PFO,clean Heartsound Data/PFO/ZCH0729.wav,ZCH0729.wav,both,ZCH0729.wav,F,0,46,PFO
ZCH0730,PFO,clean Heartsound Data/PFO/ZCH0730.wav,ZCH0730.wav,both,ZCH0730.wav,M,1,36,PFO
ZCH0731,PFO,clean Heartsound Data/PFO/ZCH0731.wav,ZCH0731.wav,both,ZCH0731.wav,M,1,3,PFO
ZCH0732,PFO,clean Heartsound Data/PFO/ZCH0732.wav,ZCH0732.wav,both,ZCH0732.wav,M,1,51,PFO
ZCH0733,PFO,clean Heartsound Data/PFO/ZCH0733.wav,ZCH0733.wav,both,ZCH0733.wav,M,1,1425,PFO
ZCH0734,PFO,clean Heartsound Data/PFO/ZCH0734.wav,ZCH0734.wav,both,ZCH0734.wav,M,1,365,PFO
ZCH0735,PFO,clean Heartsound Data/PFO/ZCH0735.wav,ZCH0735.wav,both,ZCH0735.wav,M,1,395,PFO
ZCH0736,PFO,clean Heartsound Data/PFO/ZCH0736.wav,ZCH0736.wav,both,ZCH0736.wav,M,1,47,PFO
ZCH0737,PFO,clean Heartsound Data/PFO/ZCH0737.wav,ZCH0737.wav,both,ZCH0737.wav,M,1,1095,PFO
ZCH0738,PFO,clean Heartsound Data/PFO/ZCH0738.wav,ZCH0738.wav,both,ZCH0738.wav,M,1,40,PFO
ZCH0739,PFO,clean Heartsound Data/PFO/ZCH0739.wav,ZCH0739.wav,both,ZCH0739.wav,F,0,149,PFO
ZCH0740,PFO,clean Heartsound Data/PFO/ZCH0740.wav,ZCH0740.wav,both,ZCH0740.wav,M,1,47,PFO
ZCH0741,PFO,clean Heartsound Data/PFO/ZCH0741.wav,ZCH0741.wav,both,ZCH0741.wav,F,0,1425,PFO
ZCH0742,PFO,clean Heartsound Data/PFO/ZCH0742.wav,ZCH0742.wav,both,ZCH0742.wav,F,0,1855,PFO
ZCH0743,PFO,clean Heartsound Data/PFO/ZCH0743.wav,ZCH0743.wav,both,ZCH0743.wav,M,1,213,PFO
ZCH0744,PFO,clean Heartsound Data/PFO/ZCH0744.wav,ZCH0744.wav,both,ZCH0744.wav,F,0,54,PFO
ZCH0745,PFO,clean Heartsound Data/PFO/ZCH0745.wav,ZCH0745.wav,both,ZCH0745.wav,M,1,93,PFO
ZCH0746,PFO,clean Heartsound Data/PFO/ZCH0746.wav,ZCH0746.wav,both,ZCH0746.wav,M,1,181,PFO
ZCH0747,PFO,clean Heartsound Data/PFO/ZCH0747.wav,ZCH0747.wav,both,ZCH0747.wav,M,1,188,PFO
ZCH0748,PFO,clean Heartsound Data/PFO/ZCH0748.wav,ZCH0748.wav,both,ZCH0748.wav,M,1,46,PFO
ZCH0749,PFO,clean Heartsound Data/PFO/ZCH0749.wav,ZCH0749.wav,both,ZCH0749.wav,F,0,52,PFO
ZCH0750,PFO,clean Heartsound Data/PFO/ZCH0750.wav,ZCH0750.wav,both,ZCH0750.wav,M,1,125,PFO
ZCH0751,PFO,clean Heartsound Data/PFO/ZCH0751.wav,ZCH0751.wav,both,ZCH0751.wav,M,1,182,PFO
ZCH0752,PFO,clean Heartsound Data/PFO/ZCH0752.wav,ZCH0752.wav,both,ZCH0752.wav,M,1,136,PFO
ZCH0753,PFO,clean Heartsound Data/PFO/ZCH0753.wav,ZCH0753.wav,both,ZCH0753.wav,F,0,112,PFO
ZCH0754,PFO,clean Heartsound Data/PFO/ZCH0754.wav,ZCH0754.wav,both,ZCH0754.wav,M,1,1305,PFO
ZCH0755,VSD,clean Heartsound Data/VSD/ZCH0755.wav,ZCH0755.wav,both,ZCH0755.wav,M,1,910,VSD
ZCH0756,VSD,clean Heartsound Data/VSD/ZCH0756.wav,ZCH0756.wav,both,ZCH0756.wav,M,1,820,VSD
ZCH0757,VSD,clean Heartsound Data/VSD/ZCH0757.wav,ZCH0757.wav,both,ZCH0757.wav,M,1,1790,VSD
ZCH0758,VSD,clean Heartsound Data/VSD/ZCH0758.wav,ZCH0758.wav,both,ZCH0758.wav,F,0,605,VSD
ZCH0759,VSD,clean Heartsound Data/VSD/ZCH0759.wav,ZCH0759.wav,both,ZCH0759.wav,M,1,760,VSD
ZCH0760,VSD,clean Heartsound Data/VSD/ZCH0760.wav,ZCH0760.wav,both,ZCH0760.wav,F,0,455,VSD
ZCH0761,VSD,clean Heartsound Data/VSD/ZCH0761.wav,ZCH0761.wav,both,ZCH0761.wav,M,1,730,VSD
ZCH0762,VSD,clean Heartsound Data/VSD/ZCH0762.wav,ZCH0762.wav,both,ZCH0762.wav,F,0,515,VSD
ZCH0763,VSD,clean Heartsound Data/VSD/ZCH0763.wav,ZCH0763.wav,both,ZCH0763.wav,F,0,315,VSD
ZCH0764,VSD,clean Heartsound Data/VSD/ZCH0764.wav,ZCH0764.wav,both,ZCH0764.wav,M,1,243,VSD
ZCH0765,VSD,clean Heartsound Data/VSD/ZCH0765.wav,ZCH0765.wav,both,ZCH0765.wav,F,0,237,VSD
ZCH0766,VSD,clean Heartsound Data/VSD/ZCH0766.wav,ZCH0766.wav,both,ZCH0766.wav,M,1,269,VSD
ZCH0767,VSD,clean Heartsound Data/VSD/ZCH0767.wav,ZCH0767.wav,both,ZCH0767.wav,M,1,271,VSD
ZCH0768,VSD,clean Heartsound Data/VSD/ZCH0768.wav,ZCH0768.wav,both,ZCH0768.wav,F,0,128,VSD
ZCH0769,VSD,clean Heartsound Data/VSD/ZCH0769.wav,ZCH0769.wav,both,ZCH0769.wav,F,0,365,VSD
ZCH0770,VSD,clean Heartsound Data/VSD/ZCH0770.wav,ZCH0770.wav,both,ZCH0770.wav,F,0,365,VSD
ZCH0771,VSD,clean Heartsound Data/VSD/ZCH0771.wav,ZCH0771.wav,both,ZCH0771.wav,M,1,161,VSD
ZCH0772,VSD,clean Heartsound Data/VSD/ZCH0772.wav,ZCH0772.wav,both,ZCH0772.wav,F,0,190,VSD
ZCH0773,VSD,clean Heartsound Data/VSD/ZCH0773.wav,ZCH0773.wav,both,ZCH0773.wav,M,1,231,VSD
ZCH0774,VSD,clean Heartsound Data/VSD/ZCH0774.wav,ZCH0774.wav,both,ZCH0774.wav,F,0,4195,VSD
ZCH0775,VSD,clean Heartsound Data/VSD/ZCH0775.wav,ZCH0775.wav,both,ZCH0775.wav,F,0,1030,VSD
ZCH0776,VSD,clean Heartsound Data/VSD/ZCH0776.wav,ZCH0776.wav,both,ZCH0776.wav,F,0,226,VSD
ZCH0777,VSD,clean Heartsound Data/VSD/ZCH0777.wav,ZCH0777.wav,both,ZCH0777.wav,M,1,940,VSD
ZCH0778,VSD,clean Heartsound Data/VSD/ZCH0778.wav,ZCH0778.wav,both,ZCH0778.wav,M,1,365,VSD
ZCH0779,VSD,clean Heartsound Data/VSD/ZCH0779.wav,ZCH0779.wav,both,ZCH0779.wav,M,1,1000,VSD
ZCH0780,VSD,clean Heartsound Data/VSD/ZCH0780.wav,ZCH0780.wav,both,ZCH0780.wav,F,0,271,VSD
ZCH0781,VSD,clean Heartsound Data/VSD/ZCH0781.wav,ZCH0781.wav,both,ZCH0781.wav,F,0,236,VSD
ZCH0782,VSD,clean Heartsound Data/VSD/ZCH0782.wav,ZCH0782.wav,both,ZCH0782.wav,M,1,1095,VSD
ZCH0783,VSD,clean Heartsound Data/VSD/ZCH0783.wav,ZCH0783.wav,both,ZCH0783.wav,F,0,1335,VSD
ZCH0784,VSD,clean Heartsound Data/VSD/ZCH0784.wav,ZCH0784.wav,both,ZCH0784.wav,F,0,605,VSD
ZCH0785,VSD,clean Heartsound Data/VSD/ZCH0785.wav,ZCH0785.wav,both,ZCH0785.wav,M,1,730,VSD
ZCH0786,VSD,clean Heartsound Data/VSD/ZCH0786.wav,ZCH0786.wav,both,ZCH0786.wav,F,0,455,VSD
ZCH0787,VSD,clean Heartsound Data/VSD/ZCH0787.wav,ZCH0787.wav,both,ZCH0787.wav,F,0,1305,VSD
ZCH0788,VSD,clean Heartsound Data/VSD/ZCH0788.wav,ZCH0788.wav,both,ZCH0788.wav,F,0,339,VSD
ZCH0789,VSD,clean Heartsound Data/VSD/ZCH0789.wav,ZCH0789.wav,both,ZCH0789.wav,F,0,425,VSD
ZCH0790,VSD,clean Heartsound Data/VSD/ZCH0790.wav,ZCH0790.wav,both,ZCH0790.wav,M,1,3800,VSD
ZCH0791,VSD,clean Heartsound Data/VSD/ZCH0791.wav,ZCH0791.wav,both,ZCH0791.wav,F,0,183,VSD
ZCH0792,VSD,clean Heartsound Data/VSD/ZCH0792.wav,ZCH0792.wav,both,ZCH0792.wav,M,1,695,VSD
ZCH0793,VSD,clean Heartsound Data/VSD/ZCH0793.wav,ZCH0793.wav,both,ZCH0793.wav,F,0,485,VSD
ZCH0794,VSD,clean Heartsound Data/VSD/ZCH0794.wav,ZCH0794.wav,both,ZCH0794.wav,M,1,251,VSD
ZCH0795,VSD,clean Heartsound Data/VSD/ZCH0795.wav,ZCH0795.wav,both,ZCH0795.wav,M,1,263,VSD
ZCH0796,VSD,clean Heartsound Data/VSD/ZCH0796.wav,ZCH0796.wav,both,ZCH0796.wav,M,1,665,VSD
ZCH0797,VSD,clean Heartsound Data/VSD/ZCH0797.wav,ZCH0797.wav,both,ZCH0797.wav,F,0,1155,VSD
ZCH0798,VSD,clean Heartsound Data/VSD/ZCH0798.wav,ZCH0798.wav,both,ZCH0798.wav,F,0,65,VSD
ZCH0799,VSD,clean Heartsound Data/VSD/ZCH0799.wav,ZCH0799.wav,both,ZCH0799.wav,M,1,94,VSD
ZCH0800,VSD,clean Heartsound Data/VSD/ZCH0800.wav,ZCH0800.wav,both,ZCH0800.wav,M,1,351,VSD
ZCH0801,VSD,clean Heartsound Data/VSD/ZCH0801.wav,ZCH0801.wav,both,ZCH0801.wav,F,0,455,VSD
ZCH0802,VSD,clean Heartsound Data/VSD/ZCH0802.wav,ZCH0802.wav,both,ZCH0802.wav,F,0,575,VSD
ZCH0803,VSD,clean Heartsound Data/VSD/ZCH0803.wav,ZCH0803.wav,both,ZCH0803.wav,M,1,1095,VSD
ZCH0804,VSD,clean Heartsound Data/VSD/ZCH0804.wav,ZCH0804.wav,both,ZCH0804.wav,F,0,277,VSD
ZCH0805,VSD,clean Heartsound Data/VSD/ZCH0805.wav,ZCH0805.wav,both,ZCH0805.wav,F,0,1825,VSD
ZCH0806,VSD,clean Heartsound Data/VSD/ZCH0806.wav,ZCH0806.wav,both,ZCH0806.wav,F,0,273,VSD
ZCH0807,VSD,clean Heartsound Data/VSD/ZCH0807.wav,ZCH0807.wav,both,ZCH0807.wav,F,0,2490,VSD
ZCH0808,VSD,clean Heartsound Data/VSD/ZCH0808.wav,ZCH0808.wav,both,ZCH0808.wav,M,1,1155,VSD
ZCH0809,VSD,clean Heartsound Data/VSD/ZCH0809.wav,ZCH0809.wav,both,ZCH0809.wav,M,1,2250,VSD
ZCH0810,VSD,clean Heartsound Data/VSD/ZCH0810.wav,ZCH0810.wav,both,ZCH0810.wav,M,1,2430,VSD
ZCH0811,VSD,clean Heartsound Data/VSD/ZCH0811.wav,ZCH0811.wav,both,ZCH0811.wav,F,0,515,VSD
ZCH0812,VSD,clean Heartsound Data/VSD/ZCH0812.wav,ZCH0812.wav,both,ZCH0812.wav,F,0,31,VSD
ZCH0813,VSD,clean Heartsound Data/VSD/ZCH0813.wav,ZCH0813.wav,both,ZCH0813.wav,F,0,265,VSD
ZCH0814,VSD,clean Heartsound Data/VSD/ZCH0814.wav,ZCH0814.wav,both,ZCH0814.wav,M,1,96,VSD
ZCH0815,VSD,clean Heartsound Data/VSD/ZCH0815.wav,ZCH0815.wav,both,ZCH0815.wav,F,0,1095,VSD
ZCH0816,VSD,clean Heartsound Data/VSD/ZCH0816.wav,ZCH0816.wav,both,ZCH0816.wav,F,0,910,VSD
ZCH0817,VSD,clean Heartsound Data/VSD/ZCH0817.wav,ZCH0817.wav,both,ZCH0817.wav,F,0,455,VSD
ZCH0818,VSD,clean Heartsound Data/VSD/ZCH0818.wav,ZCH0818.wav,both,ZCH0818.wav,F,0,113,VSD
ZCH0819,VSD,clean Heartsound Data/VSD/ZCH0819.wav,ZCH0819.wav,both,ZCH0819.wav,M,1,90,VSD
ZCH0820,VSD,clean Heartsound Data/VSD/ZCH0820.wav,ZCH0820.wav,both,ZCH0820.wav,M,1,99,VSD
ZCH0821,VSD,clean Heartsound Data/VSD/ZCH0821.wav,ZCH0821.wav,both,ZCH0821.wav,M,1,188,VSD
ZCH0822,VSD,clean Heartsound Data/VSD/ZCH0822.wav,ZCH0822.wav,both,ZCH0822.wav,M,1,880,VSD
ZCH0823,VSD,clean Heartsound Data/VSD/ZCH0823.wav,ZCH0823.wav,both,ZCH0823.wav,F,0,370,VSD
ZCH0824,VSD,clean Heartsound Data/VSD/ZCH0824.wav,ZCH0824.wav,both,ZCH0824.wav,F,0,233,VSD
ZCH0825,VSD,clean Heartsound Data/VSD/ZCH0825.wav,ZCH0825.wav,both,ZCH0825.wav,M,1,60,VSD
ZCH0826,VSD,clean Heartsound Data/VSD/ZCH0826.wav,ZCH0826.wav,both,ZCH0826.wav,F,0,1670,VSD
ZCH0827,VSD,clean Heartsound Data/VSD/ZCH0827.wav,ZCH0827.wav,both,ZCH0827.wav,M,1,219,VSD
ZCH0828,VSD,clean Heartsound Data/VSD/ZCH0828.wav,ZCH0828.wav,both,ZCH0828.wav,F,0,120,VSD
ZCH0829,VSD,clean Heartsound Data/VSD/ZCH0829.wav,ZCH0829.wav,both,ZCH0829.wav,M,1,19,VSD
ZCH0830,VSD,clean Heartsound Data/VSD/ZCH0830.wav,ZCH0830.wav,both,ZCH0830.wav,F,0,26,VSD
ZCH0831,VSD,clean Heartsound Data/VSD/ZCH0831.wav,ZCH0831.wav,both,ZCH0831.wav,F,0,2310,VSD
ZCH0832,VSD,clean Heartsound Data/VSD/ZCH0832.wav,ZCH0832.wav,both,ZCH0832.wav,F,0,1395,VSD
ZCH0833,VSD,clean Heartsound Data/VSD/ZCH0833.wav,ZCH0833.wav,both,ZCH0833.wav,M,1,395,VSD
ZCH0834,VSD,clean Heartsound Data/VSD/ZCH0834.wav,ZCH0834.wav,both,ZCH0834.wav,M,1,695,VSD
ZCH0835,VSD,clean Heartsound Data/VSD/ZCH0835.wav,ZCH0835.wav,both,ZCH0835.wav,F,0,1095,VSD
ZCH0836,VSD,clean Heartsound Data/VSD/ZCH0836.wav,ZCH0836.wav,both,ZCH0836.wav,F,0,91,VSD
ZCH0837,VSD,clean Heartsound Data/VSD/ZCH0837.wav,ZCH0837.wav,both,ZCH0837.wav,M,1,395,VSD
ZCH0838,VSD,clean Heartsound Data/VSD/ZCH0838.wav,ZCH0838.wav,both,ZCH0838.wav,M,1,395,VSD
ZCH0839,VSD,clean Heartsound Data/VSD/ZCH0839.wav,ZCH0839.wav,both,ZCH0839.wav,F,0,485,VSD
ZCH0840,VSD,clean Heartsound Data/VSD/ZCH0840.wav,ZCH0840.wav,both,ZCH0840.wav,F,0,280,VSD
ZCH0841,VSD,clean Heartsound Data/VSD/ZCH0841.wav,ZCH0841.wav,both,ZCH0841.wav,M,1,161,VSD
ZCH0842,VSD,clean Heartsound Data/VSD/ZCH0842.wav,ZCH0842.wav,both,ZCH0842.wav,M,1,2400,VSD
ZCH0843,VSD,clean Heartsound Data/VSD/ZCH0843.wav,ZCH0843.wav,both,ZCH0843.wav,F,0,200,VSD
ZCH0844,VSD,clean Heartsound Data/VSD/ZCH0844.wav,ZCH0844.wav,both,ZCH0844.wav,F,0,215,VSD
ZCH0845,VSD,clean Heartsound Data/VSD/ZCH0845.wav,ZCH0845.wav,both,ZCH0845.wav,M,1,2825,VSD
ZCH0846,VSD,clean Heartsound Data/VSD/ZCH0846.wav,ZCH0846.wav,both,ZCH0846.wav,F,0,425,VSD
ZCH0847,VSD,clean Heartsound Data/VSD/ZCH0847.wav,ZCH0847.wav,both,ZCH0847.wav,M,1,106,VSD
ZCH0848,VSD,clean Heartsound Data/VSD/ZCH0848.wav,ZCH0848.wav,both,ZCH0848.wav,F,0,166,VSD
ZCH0849,VSD,clean Heartsound Data/VSD/ZCH0849.wav,ZCH0849.wav,both,ZCH0849.wav,M,1,1215,VSD
ZCH0850,VSD,clean Heartsound Data/VSD/ZCH0850.wav,ZCH0850.wav,both,ZCH0850.wav,F,0,605,VSD
ZCH0851,VSD,clean Heartsound Data/VSD/ZCH0851.wav,ZCH0851.wav,both,ZCH0851.wav,F,0,790,VSD
ZCH0852,VSD,clean Heartsound Data/VSD/ZCH0852.wav,ZCH0852.wav,both,ZCH0852.wav,F,0,730,VSD
ZCH0853,VSD,clean Heartsound Data/VSD/ZCH0853.wav,ZCH0853.wav,both,ZCH0853.wav,F,0,395,VSD
ZCH0854,VSD,clean Heartsound Data/VSD/ZCH0854.wav,ZCH0854.wav,both,ZCH0854.wav,M,1,365,VSD
ZCH0855,VSD,clean Heartsound Data/VSD/ZCH0855.wav,ZCH0855.wav,both,ZCH0855.wav,M,1,425,VSD
ZCH0856,VSD,clean Heartsound Data/VSD/ZCH0856.wav,ZCH0856.wav,both,ZCH0856.wav,F,0,425,VSD
ZCH0857,VSD,clean Heartsound Data/VSD/ZCH0857.wav,ZCH0857.wav,both,ZCH0857.wav,M,1,1275,VSD
ZCH0858,VSD,clean Heartsound Data/VSD/ZCH0858.wav,ZCH0858.wav,both,ZCH0858.wav,F,0,695,VSD
ZCH0859,VSD,clean Heartsound Data/VSD/ZCH0859.wav,ZCH0859.wav,both,ZCH0859.wav,M,1,1610,VSD
ZCH0860,VSD,clean Heartsound Data/VSD/ZCH0860.wav,ZCH0860.wav,both,ZCH0860.wav,M,1,635,VSD
ZCH0861,VSD,clean Heartsound Data/VSD/ZCH0861.wav,ZCH0861.wav,both,ZCH0861.wav,M,1,970,VSD
ZCH0862,VSD,clean Heartsound Data/VSD/ZCH0862.wav,ZCH0862.wav,both,ZCH0862.wav,F,0,515,VSD
ZCH0863,VSD,clean Heartsound Data/VSD/ZCH0863.wav,ZCH0863.wav,both,ZCH0863.wav,M,1,332,VSD
ZCH0864,VSD,clean Heartsound Data/VSD/ZCH0864.wav,ZCH0864.wav,both,ZCH0864.wav,M,1,365,VSD
ZCH0865,VSD,clean Heartsound Data/VSD/ZCH0865.wav,ZCH0865.wav,both,ZCH0865.wav,M,1,1095,VSD
ZCH0866,VSD,clean Heartsound Data/VSD/ZCH0866.wav,ZCH0866.wav,both,ZCH0866.wav,M,1,880,VSD
ZCH0867,VSD,clean Heartsound Data/VSD/ZCH0867.wav,ZCH0867.wav,both,ZCH0867.wav,M,1,2095,VSD
ZCH0868,VSD,clean Heartsound Data/VSD/ZCH0868.wav,ZCH0868.wav,both,ZCH0868.wav,M,1,1520,VSD
ZCH0869,VSD,clean Heartsound Data/VSD/ZCH0869.wav,ZCH0869.wav,both,ZCH0869.wav,M,1,2095,VSD
ZCH0870,VSD,clean Heartsound Data/VSD/ZCH0870.wav,ZCH0870.wav,both,ZCH0870.wav,F,0,131,VSD
ZCH0871,VSD,clean Heartsound Data/VSD/ZCH0871.wav,ZCH0871.wav,both,ZCH0871.wav,F,0,545,VSD
ZCH0872,VSD,clean Heartsound Data/VSD/ZCH0872.wav,ZCH0872.wav,both,ZCH0872.wav,F,0,229,VSD
ZCH0873,VSD,clean Heartsound Data/VSD/ZCH0873.wav,ZCH0873.wav,both,ZCH0873.wav,F,0,1550,VSD
ZCH0874,VSD,clean Heartsound Data/VSD/ZCH0874.wav,ZCH0874.wav,both,ZCH0874.wav,F,0,1760,VSD
ZCH0875,VSD,clean Heartsound Data/VSD/ZCH0875.wav,ZCH0875.wav,both,ZCH0875.wav,M,1,1155,VSD
ZCH0876,VSD,clean Heartsound Data/VSD/ZCH0876.wav,ZCH0876.wav,both,ZCH0876.wav,M,1,790,VSD
ZCH0877,VSD,clean Heartsound Data/VSD/ZCH0877.wav,ZCH0877.wav,both,ZCH0877.wav,M,1,1030,VSD
ZCH0878,VSD,clean Heartsound Data/VSD/ZCH0878.wav,ZCH0878.wav,both,ZCH0878.wav,F,0,425,VSD
ZCH0879,VSD,clean Heartsound Data/VSD/ZCH0879.wav,ZCH0879.wav,both,ZCH0879.wav,F,0,1975,VSD
ZCH0880,VSD,clean Heartsound Data/VSD/ZCH0880.wav,ZCH0880.wav,both,ZCH0880.wav,F,0,203,VSD
ZCH0881,VSD,clean Heartsound Data/VSD/ZCH0881.wav,ZCH0881.wav,both,ZCH0881.wav,F,0,970,VSD
ZCH0882,VSD,clean Heartsound Data/VSD/ZCH0882.wav,ZCH0882.wav,both,ZCH0882.wav,F,0,181,VSD
ZCH0883,VSD,clean Heartsound Data/VSD/ZCH0883.wav,ZCH0883.wav,both,ZCH0883.wav,F,0,194,VSD
ZCH0884,VSD,clean Heartsound Data/VSD/ZCH0884.wav,ZCH0884.wav,both,ZCH0884.wav,M,1,350,VSD
ZCH0885,VSD,clean Heartsound Data/VSD/ZCH0885.wav,ZCH0885.wav,both,ZCH0885.wav,F,0,175,VSD
ZCH0886,VSD,clean Heartsound Data/VSD/ZCH0886.wav,ZCH0886.wav,both,ZCH0886.wav,F,0,169,VSD
ZCH0887,VSD,clean Heartsound Data/VSD/ZCH0887.wav,ZCH0887.wav,both,ZCH0887.wav,F,0,300,VSD
ZCH0888,VSD,clean Heartsound Data/VSD/ZCH0888.wav,ZCH0888.wav,both,ZCH0888.wav,F,0,86,VSD
ZCH0889,VSD,clean Heartsound Data/VSD/ZCH0889.wav,ZCH0889.wav,both,ZCH0889.wav,F,0,219,VSD
ZCH0890,VSD,clean Heartsound Data/VSD/ZCH0890.wav,ZCH0890.wav,both,ZCH0890.wav,F,0,146,VSD
ZCH0891,VSD,clean Heartsound Data/VSD/ZCH0891.wav,ZCH0891.wav,both,ZCH0891.wav,M,1,695,VSD
ZCH0892,VSD,clean Heartsound Data/VSD/ZCH0892.wav,ZCH0892.wav,both,ZCH0892.wav,F,0,305,VSD
ZCH0893,VSD,clean Heartsound Data/VSD/ZCH0893.wav,ZCH0893.wav,both,ZCH0893.wav,M,1,545,VSD
ZCH0894,VSD,clean Heartsound Data/VSD/ZCH0894.wav,ZCH0894.wav,both,ZCH0894.wav,F,0,271,VSD
ZCH0895,VSD,clean Heartsound Data/VSD/ZCH0895.wav,ZCH0895.wav,both,ZCH0895.wav,M,1,285,VSD
ZCH0896,VSD,clean Heartsound Data/VSD/ZCH0896.wav,ZCH0896.wav,both,ZCH0896.wav,F,0,154,VSD
ZCH0897,VSD,clean Heartsound Data/VSD/ZCH0897.wav,ZCH0897.wav,both,ZCH0897.wav,F,0,395,VSD
ZCH0898,VSD,clean Heartsound Data/VSD/ZCH0898.wav,ZCH0898.wav,both,ZCH0898.wav,F,0,95,VSD
ZCH0899,VSD,clean Heartsound Data/VSD/ZCH0899.wav,ZCH0899.wav,both,ZCH0899.wav,F,0,94,VSD
ZCH0900,VSD,clean Heartsound Data/VSD/ZCH0900.wav,ZCH0900.wav,both,ZCH0900.wav,M,1,97,VSD
ZCH0901,VSD,clean Heartsound Data/VSD/ZCH0901.wav,ZCH0901.wav,both,ZCH0901.wav,F,0,820,VSD
ZCH0902,VSD,clean Heartsound Data/VSD/ZCH0902.wav,ZCH0902.wav,both,ZCH0902.wav,F,0,177,VSD
ZCH0903,VSD,clean Heartsound Data/VSD/ZCH0903.wav,ZCH0903.wav,both,ZCH0903.wav,F,0,117,VSD
ZCH0904,VSD,clean Heartsound Data/VSD/ZCH0904.wav,ZCH0904.wav,both,ZCH0904.wav,M,1,185,VSD
ZCH0905,VSD,clean Heartsound Data/VSD/ZCH0905.wav,ZCH0905.wav,both,ZCH0905.wav,F,0,2250,VSD
ZCH0906,VSD,clean Heartsound Data/VSD/ZCH0906.wav,ZCH0906.wav,both,ZCH0906.wav,M,1,183,VSD
ZCH0907,VSD,clean Heartsound Data/VSD/ZCH0907.wav,ZCH0907.wav,both,ZCH0907.wav,F,0,2005,VSD
ZCH0908,VSD,clean Heartsound Data/VSD/ZCH0908.wav,ZCH0908.wav,both,ZCH0908.wav,F,0,635,VSD
ZCH0909,VSD,clean Heartsound Data/VSD/ZCH0909.wav,ZCH0909.wav,both,ZCH0909.wav,M,1,93,VSD
ZCH0910,VSD,clean Heartsound Data/VSD/ZCH0910.wav,ZCH0910.wav,both,ZCH0910.wav,F,0,182,VSD
ZCH0911,VSD,clean Heartsound Data/VSD/ZCH0911.wav,ZCH0911.wav,both,ZCH0911.wav,F,0,181,VSD
ZCH0912,VSD,clean Heartsound Data/VSD/ZCH0912.wav,ZCH0912.wav,both,ZCH0912.wav,F,0,181,VSD
ZCH0913,VSD,clean Heartsound Data/VSD/ZCH0913.wav,ZCH0913.wav,both,ZCH0913.wav,F,0,67,VSD
ZCH0914,VSD,clean Heartsound Data/VSD/ZCH0914.wav,ZCH0914.wav,both,ZCH0914.wav,F,0,485,VSD
ZCH0915,VSD,clean Heartsound Data/VSD/ZCH0915.wav,ZCH0915.wav,both,ZCH0915.wav,M,1,880,VSD
ZCH0916,VSD,clean Heartsound Data/VSD/ZCH0916.wav,ZCH0916.wav,both,ZCH0916.wav,M,1,51,VSD
ZCH0917,VSD,clean Heartsound Data/VSD/ZCH0917.wav,ZCH0917.wav,both,ZCH0917.wav,F,0,15,VSD
ZCH0918,VSD,clean Heartsound Data/VSD/ZCH0918.wav,ZCH0918.wav,both,ZCH0918.wav,F,0,695,VSD
ZCH0919,VSD,clean Heartsound Data/VSD/ZCH0919.wav,ZCH0919.wav,both,ZCH0919.wav,F,0,71,VSD
ZCH0920,VSD,clean Heartsound Data/VSD/ZCH0920.wav,ZCH0920.wav,both,ZCH0920.wav,F,0,55,VSD
ZCH0921,VSD,clean Heartsound Data/VSD/ZCH0921.wav,ZCH0921.wav,both,ZCH0921.wav,F,0,760,VSD
ZCH0922,VSD,clean Heartsound Data/VSD/ZCH0922.wav,ZCH0922.wav,both,ZCH0922.wav,M,1,45,VSD
ZCH0923,VSD,clean Heartsound Data/VSD/ZCH0923.wav,ZCH0923.wav,both,ZCH0923.wav,F,0,91,VSD
ZCH0924,VSD,clean Heartsound Data/VSD/ZCH0924.wav,ZCH0924.wav,both,ZCH0924.wav,M,1,136,VSD
ZCH0925,VSD,clean Heartsound Data/VSD/ZCH0925.wav,ZCH0925.wav,both,ZCH0925.wav,F,0,93,VSD
ZCH0926,VSD,clean Heartsound Data/VSD/ZCH0926.wav,ZCH0926.wav,both,ZCH0926.wav,M,1,353,VSD
ZCH0927,VSD,clean Heartsound Data/VSD/ZCH0927.wav,ZCH0927.wav,both,ZCH0927.wav,F,0,1580,VSD
ZCH0928,VSD,clean Heartsound Data/VSD/ZCH0928.wav,ZCH0928.wav,both,ZCH0928.wav,F,0,161,VSD
ZCH0929,VSD,clean Heartsound Data/VSD/ZCH0929.wav,ZCH0929.wav,both,ZCH0929.wav,F,0,760,VSD
ZCH0930,VSD,clean Heartsound Data/VSD/ZCH0930.wav,ZCH0930.wav,both,ZCH0930.wav,F,0,485,VSD
ZCH0931,VSD,clean Heartsound Data/VSD/ZCH0931.wav,ZCH0931.wav,both,ZCH0931.wav,F,0,1425,VSD
ZCH0932,VSD,clean Heartsound Data/VSD/ZCH0932.wav,ZCH0932.wav,both,ZCH0932.wav,M,1,1826,VSD
ZCH0933,VSD,clean Heartsound Data/VSD/ZCH0933.wav,ZCH0933.wav,both,ZCH0933.wav,F,0,2095,VSD
ZCH0934,VSD,clean Heartsound Data/VSD/ZCH0934.wav,ZCH0934.wav,both,ZCH0934.wav,M,1,1000,VSD
ZCH0935,VSD,clean Heartsound Data/VSD/ZCH0935.wav,ZCH0935.wav,both,ZCH0935.wav,M,1,731,VSD
ZCH0936,VSD,clean Heartsound Data/VSD/ZCH0936.wav,ZCH0936.wav,both,ZCH0936.wav,M,1,1030,VSD
ZCH0937,VSD,clean Heartsound Data/VSD/ZCH0937.wav,ZCH0937.wav,both,ZCH0937.wav,F,0,425,VSD
ZCH0938,VSD,clean Heartsound Data/VSD/ZCH0938.wav,ZCH0938.wav,both,ZCH0938.wav,F,0,2065,VSD
ZCH0939,VSD,clean Heartsound Data/VSD/ZCH0939.wav,ZCH0939.wav,both,ZCH0939.wav,F,0,303,VSD
ZCH0940,VSD,clean Heartsound Data/VSD/ZCH0940.wav,ZCH0940.wav,both,ZCH0940.wav,M,1,319,VSD
ZCH0941,VSD,clean Heartsound Data/VSD/ZCH0941.wav,ZCH0941.wav,both,ZCH0941.wav,M,1,1095,VSD
