relative_path,size_bytes,sha256
ASD/ZCH0534.wav,318764,aa6c9b50f2b873b77c2852ea4a609d8cf05f9271f3ffe447448513b1e351edc1
ASD/ZCH0535.wav,326196,32d9e83c42351402f25466ae0dab23e14e2ea8403f8f4def1d159c56b874bb1d
ASD/ZCH0536.wav,318124,8f9be6dd9d5e8d845e08316050fc102f790e5625d6bb1a68e5105fa5241f763d
ASD/ZCH0537.wav,317484,9885ff1f5b5317c189533cb7565cf2f09f82e71cfbb24a5e3aab414a9a9b30db
ASD/ZCH0538.wav,326568,4872ec8d8b4f582a986d8bb7c36b2c2cae9de493558a2def751646356772d391
ASD/ZCH0539.wav,317484,fa5ad7e40f468ad34e05df72776be352e6aaa64dd9b4da44a4486fa2bbc2640f
ASD/ZCH0540.wav,317484,938aff6a2034485258f694271c044b4be7ee4c9a7a0a36655913fc73a1f019d1
ASD/ZCH0541.wav,317484,8b080c0870d01b760740e429b6387582af000fd971a0db530e3abdb1427a185b
ASD/ZCH0542.wav,318124,e72ec5f23c0c0d3dd4ea15e05c84280904ff80a58ba9fd6178fa2aa2f759edd9
ASD/ZCH0543.wav,317484,29b1d0bd5eb92453790f865388e8af5e1af92449bcc21d3801922b39f4cacd14
ASD/ZCH0544.wav,317484,4d4ab4ec7aef674a138dd74e5c44e63ff6771017d6b8751caea57cb8e3bc1cf1
ASD/ZCH0545.wav,319404,343d1c65e528c58e88e3b552d095482af032edabe96107a15d5d8535a8af05a1
ASD/ZCH0546.wav,318124,3e6dccdb2c3c693e8271f2e7c3b7ec85385d022d0d86eb377552c1f71eab713b
ASD/ZCH0547.wav,318124,22f3e3b7b2650b12d2ee17a116a8baa426dc5faa9e8eb475e9e67251b7e831c1
ASD/ZCH0548.wav,331398,622c6870886e2412ffd7e370b74782e268dbac4a6f10837a57d58fd30949a5db
ASD/ZCH0549.wav,326568,3120fa2766223260ce36b4c0906ebc6355a8d3f202a2634e456bf0dab2914967
ASD/ZCH0550.wav,326568,4fe666cdf1597507047cfe0bd1ba2fc9073ea2221fbef3c6447a7e0ae10ff0a2
ASD/ZCH0551.wav,326196,7e1ed96eae9440e0c60371d21c28fa70763a3c24fa94a5229ca894bbdf39f18e
ASD/ZCH0552.wav,317484,9e109c3e592bd16ebc8d7dbcb1e1f52d2210cda4e00bedce27739eaeaefc8219
ASD/ZCH0553.wav,318124,f93e75ecaf4c3b70cc178f159cad1c32c2f361b68705673ef8dcc9e8807a0d99
ASD/ZCH0554.wav,318124,a610b7c5d1110ca87a0d469cb376b8d635259b9a8ecad35025183e246988bf5d
ASD/ZCH0555.wav,317484,19fd3a32bad55c79398cf2b4a328297b3f55532eb853087668172dae012c248f
ASD/ZCH0556.wav,318124,d5e8ca085ea4cffb4e8ac75376a0668549753d40927ed19a28be4bb25e818706
ASD/ZCH0557.wav,318124,e0c701de349b473fb72fa19e1b1bca352027494438ae6273ba7e43d006d0c5d3
ASD/ZCH0558.wav,318124,b2ff27c1543ca6b3e581db3fd3bd840811782a66dd560653321436c8d3a45de1
ASD/ZCH0559.wav,317484,1ea07d24a25e898c86cae280fe53fe2cc7eec14a469434e46b1b9982168ee49a
ASD/ZCH0560.wav,317484,b7f6817515caabd79c41b14577d20f77a4edcfeddcaa9904928965e1d5f499fa
ASD/ZCH0561.wav,318124,af3edcd3da86dda179e20889c869c58a4dd65ffbb2046487710a8c4cac2eef47
ASD/ZCH0562.wav,317484,63fefd10252b1d9dde93aed66b37a8d2f9f2a78b686af5ca2dac8634faa39de1
ASD/ZCH0563.wav,317484,115b22808c6fac8fccbff90e4cbf64470bc251f7820aed586fa45980951df060
ASD/ZCH0564.wav,317484,c9a10c436425cf548f8016ca1ce6a3e7b50f4c856c021f39f09be45351958c61
ASD/ZCH0565.wav,319404,8085d5298e7b1f92859cd400f87fd1915ea87c7f7f944783f34879253558596d
ASD/ZCH0566.wav,326568,dd4ab3702692672b2fe65970bbb8af67b22de633604037b902fc7e21401e5089
ASD/ZCH0567.wav,326568,73594419e86999073861c70301b3c1b481798e7744b3c0407239636cbb84d6d1
ASD/ZCH0568.wav,317484,9ea96582033f89154f1a416550aebee9fe5359e60597cbace919b29da4bee9a4
ASD/ZCH0569.wav,317484,729f9d1bac4b34f3fb159ba6473fe98c6936d1aa4e046b883f653f0ba20afabd
ASD/ZCH0570.wav,317484,0e56f24ac2e9f5c9c523a87199a68cac363a90a2785034497c62406d1df8a155
ASD/ZCH0571.wav,317484,9236ba8e56616d439dc0c49ca9d59bb7a0453fdb3fa72a522a795085530cf804
ASD/ZCH0572.wav,316844,65debb8f4f14da8d46ce8bcd3a3036299084170edb83263c689ae1b742f6426f
ASD/ZCH0573.wav,317484,3012a9a0cf6daea738f28b9b04a1dd958a3f487eeff9b884c9e2faa6ffddcfa2
ASD/ZCH0574.wav,319404,6efb9110c3239b7128808996b42d81a40473b81922d2f8af605e122a3df10903
ASD/ZCH0575.wav,319404,459673bc27da49a755403319665bd04b4c1e4cb590778db23bfaba465d6251b8
ASD/ZCH0576.wav,326568,5dadeb428c076d87997af42c1356cb4519836a67f4a815bda411091eacc0dde9
ASD/ZCH0577.wav,318764,a579a227c061fd6210f8c168fd41ebf1c73c9fe356840a67977e72539c2cedd4
ASD/ZCH0578.wav,317484,3a18e97f4999d3184693fd6cb63e6a9385a89f43a125bb0ae933977d7c95df28
ASD/ZCH0579.wav,317484,61c56dfea207ff647d72173a05a0bdd8a44b94d796a2cbf7936a25161eebd659
ASD/ZCH0580.wav,326568,65608e756ba9fa5f92166e5550e616a7154188686a9fe92ae4ea244a2d79b740
ASD/ZCH0581.wav,326568,047e75c3ea67a1a754267ad13b30261514d1bf6f8bffa3def61a40d46b483e9b
ASD/ZCH0582.wav,318124,b045ac99c2840c486e76d632d90861ce70817fa7c1501ff42d65c6baa8e168dc
ASD/ZCH0583.wav,318764,8be08270f0d347ff8036ba6048054af7a8c24f83b1c7bf642a45c24768007a80
ASD/ZCH0584.wav,317484,ad15c5211f48ba795a5daab39bc40399687278676e145e7e9e955ad951249e7b
ASD/ZCH0585.wav,329168,f9c38a77f95e7c96711b57ad11bc4581cf8fa74bd7d0e91daf88181687658332
ASD/ZCH0586.wav,316844,a6fd20a66bed11a45b42dbe5ce3b76ee02a5d22553525980f7096b5e5aa26ecd
ASD/ZCH0587.wav,317484,873f8e3e08df45562b0ed6239dc924fd06ecaca10f97bfc37ef97da7773e1ab7
ASD/ZCH0588.wav,319404,ec7d030e3e1372cbf98a475849b0febf1116a6a5c08c09a7501629980a66a577
ASD/ZCH0589.wav,326568,ed43dd28c414656a077a869959bbb1215d05c45ef4d6c029648cd45538ae5d33
ASD/ZCH0590.wav,326568,8a21901911f376505136b83579a8db63fbcf64f5422be85f38412400e7dce2cc
ASD/ZCH0591.wav,319404,92fae6de178909cf7a16a6b22810758f1f5079eeab54446bc5a074bf02736120
ASD/ZCH0592.wav,326568,59b0dcc527b9d9c8f97acd7a083116222e683723cd1c7bab293259533a682a20
ASD/ZCH0593.wav,317484,6a52d7da9186c619fae03dda46380457df0b965f93ab3062e1c476153b9f7903
ASD/ZCH0594.wav,317484,45905538a76b2c3a20bf752b7fed2faf4220a0aa575942e95b9230a64cf9a7ed
ASD/ZCH0595.wav,317484,b432579691e9b71f21d41e66b5b1e92f04b69056845258813bf6033b48b11564
ASD/ZCH0596.wav,313644,c12072b5cf9601143f8944ae6b903d9c501ad716d88afd73437ac81f9d673a9c
ASD/ZCH0597.wav,317484,105a3edc0207cfb0a0c0dc019e992c1b3d3cb902a2063396ef512d776c6915bb
ASD/ZCH0598.wav,317484,8e555f66dc73d57be88b330fe495717e9ef71233e84829c657b78965e1b61171
ASD/ZCH0599.wav,319404,4833c8d1a2366757f7c1e3b67d236de131d68c1600b50a572ce795ecacf4831f
ASD/ZCH0600.wav,319404,f60e2d73fb46ab6cad2a04d99f1cc9a5e46cab683f2743cecd18f27c683db48f
ASD/ZCH0601.wav,318764,bbc4f429293b93bf97d9234266724490673b005156b7f1bcf049c69cfad188f8
ASD/ZCH0602.wav,319404,3d9d69d65229c931974537643915cbdb9b5477c11097fa4f10088f8d01a34b4e
ASD/ZCH0603.wav,318124,1bbaaeca9f0528a22f607d1841ca651cead25164a31dc7a7fbe7087988c3b92f
ASD/ZCH0604.wav,317484,248ef689776990ea36844d9c8202cc1470e540058135c6aa76c1c1305fc46b8a
ASD/ZCH0605.wav,318764,c125ab0a8fbdaf8c31a9153013039c16e2c8db48354ebd610591bff006246dde
ASD/ZCH0606.wav,317484,84a6bc53dd1e6ef981e1ec7550467c7b77c0fa0efbf6ac369a36666db7a92d00
ASD/ZCH0607.wav,317484,eba6dbae4401b022eeb493d31b60710ffc9e1f64ffe794e66f8fa2f8b243342e
ASD/ZCH0608.wav,317484,bfd79f0c435b055ff8038d8eefe00c0491d644ebbedeaeb23b89df116ba42909
ASD/ZCH0609.wav,317484,ce67ccadc5343e919b4cc07bbaf3741f7051751e3bd8068b5ce8940248bce43e
ASD/ZCH0610.wav,318124,484e3d5e123651ad7b053a50960df05145514b3f2859dbec3da6412306131693
ASD/ZCH0611.wav,319404,b43a2c19b2ba5043c2fadc29a575df1d6ba46a54ea2da51a9c623d9a3deb2214
ASD/ZCH0612.wav,318124,03de9cc2b6534bf81baa851320ce48e061fa627a02b04234bb4efd5e5cb4361f
ASD/ZCH0613.wav,317484,437884436c2e8570dd84204d9a49f3ebd17a2285619c329b5b24c0a76f40a2e7
ASD/ZCH0614.wav,318124,447be13ed01ce0d4879fb1cd23ee2a4a93e57aa4be66aab3429f6dc0827d5836
ASD/ZCH0615.wav,608684,3045c8cb52f528d3fd406d863f0ca40a7ecc5a4db88492356b6373c0ab011e05
ASD/ZCH0616.wav,317484,235a6a35c165ea95f4bc157e919279aae4413b8b916f19d9dce6f33718ffca90
ASD/ZCH0617.wav,319404,c10536d548a3524cf629785011cd2644837e51bce0be8ab76831e9d82f178a9b
ASD/ZCH0618.wav,319404,8b77b02667e6c609cd56f9ca2c7cae936a1c1bf80f42f8b8fbe1b3160b7baf97
ASD/ZCH0619.wav,317484,d590c865352aa9a8a4f5370ac346242023373c96a323799dc11c0c0aae28cdd7
ASD/ZCH0620.wav,319404,77d3392e725ff7b97509089b11fc96ec2f6825bf6c997f21721545a6dc5a5181
ASD/ZCH0621.wav,317484,4a1cc52d1cc7957032acc1b826bc751d1688b207dfb5a761150587ce2e9ed06e
ASD/ZCH0622.wav,318124,5ba4864e84dc9c3b936b2acb4b1ce1347e65ae8d0fdd9f628b80446890fe58df
ASD/ZCH0623.wav,317484,a1de9c89cfd24e09fb873f35c45734087203af57b3bc66cd58b2ca96bc1ca82a
ASD/ZCH0624.wav,317484,899cdb3cbcb912581edbabc210cd8d5c829896b1140570ca84b66ee54134c194
ASD/ZCH0625.wav,317484,ed330f83e8783b7a3943d31010ddb2db6a7db6bb36a6259a8383393d2c866401
ASD/ZCH0626.wav,317484,be15a729faef5f03aa78ca6c96aefe4bcf5b1c54291d6c85db6b3be89c838983
ASD/ZCH0627.wav,312364,066a2547f2334e66e1928981a7f524a62428ba3fb4d7924f5bebe28a6f8f13d3
ASD/ZCH0628.wav,318124,ada0605770c588d6fc467e308ae1243498f3fbff9c4a9391143d949a67becc13
ASD/ZCH0629.wav,318124,8a8a335b920e7b89f39f6dfb8977dd03592be3d3d785c3c6c3cb7c42cc744d6d
ASD/ZCH0630.wav,318124,e77005cca5f2320628525f35b28e87da36f5c81f3fb27dbb17a16ffbf3d798b2
ASD/ZCH0631.wav,961964,01a2aac8d933fbdf87e1ff77ed793f91c48d953b34ff24d10be5739c53b43263
ASD/ZCH0632.wav,318124,6c21ec261a1ebadd13fbe08e5f30c3830ce654ba5ab414f53b5c12142a924486
ASD/ZCH0633.wav,317484,f4b323a1c7c3d177ef4f0e75f3441df4d4c331170b2c73d73ef0be1d81f4fa30
ASD/ZCH0634.wav,317484,ee9eebee3e55a1922a39eb3c0f409434efa6f892ad99c6f8c9291af7dca9af89
ASD/ZCH0635.wav,317484,6d43b702c42668be74e2ea57853a5b9aa0ff09191faea9c5b150a8dbd4ceb8c2
ASD/ZCH0636.wav,318124,bef47bd8fee1afb80d6b6d82f0ffe7b5c5bf662b13ed0b4d5e4c7125c102e093
ASD/ZCH0637.wav,317484,a639e8c4e540a4dca860fb7211dff271642b1fa899c319399080f0ec5cac1a0a
ASD/ZCH0638.wav,319404,dcff72540f59b8c8b6498d26dd92b44a2ba88ed4f74bcaac5cbbf4f4b174cb3a
ASD/ZCH0639.wav,317484,ef0b098c74b21695126774e57c53fc9aa64facfbdab505f1cf9f4a4abb46508b
ASD/ZCH0640.wav,318764,c14d53da4f6764e73a8f7ac0549d7b2304d03266ba0854184e1ce124752f557f
ASD/ZCH0641.wav,318124,d9c1ee5e43a537ee99d9f9632a0215967d6c11661999a43872d65a5a99378d7c
ASD/ZCH0642.wav,317484,738fbf763bc7dfe114d504e6385829258a8e2f45aaf01c5e018ecb0a55042681
ASD/ZCH0643.wav,318124,fdbe24029058aeeac3b2cc583f184104e6514a2428f63fd4d0181ddc8dccf512
ASD/ZCH0644.wav,318124,beb6ea0b531f9edf099c5164ee8634ec315e0ca33c4042f9988700a2ed7f9f7b
ASD/ZCH0645.wav,317484,f68deafa8d00477edb5be9ff06e5319a1f0e5502fbcdd3196837c5b4cf3fc80d
ASD/ZCH0646.wav,318764,fe36e441708ace3ab7ca9645a1d158acc8bb43c3b9c5839b13d095ae23a52a5f
ASD/ZCH0647.wav,318124,e26579116dfc11bc6ed5fa97b4830f2ff02ece503527193fdc7b9d0d3476a1e8
ASD/ZCH0648.wav,318124,7a587366a152f1da3a9eb9f46124a2e0c703097f7feb4ebc43e931ffbc08fbf6
ASD/ZCH0649.wav,318124,89d03b404ea260967225419cac6023e4afa0300163ee17b6f64dd805fc85c6f5
ASD/ZCH0650.wav,317484,6975fd181f5397c5da34c15fb1395b6d49049418cca5f47332aee94b8b88aaf5
ASD/ZCH0651.wav,317484,2134e9c901cfdd6a027a1030227bdb1a19bee62fa419d1d24a2c8f75147d419d
ASD/ZCH0652.wav,319404,776190611564ae85d5670733d7e1997f814252c1521dcd91975308f6daabcadb
NORMAL/ZCH0001.wav,318124,c945c39c8c3990695e9cc40ef58a48346a9d31ea7f97c073bc877878f559316f
NORMAL/ZCH0002.wav,318124,1c4080767dbfffb04bce159b2788b8eb81d3ca3bfc75e3eeecb4836347a27903
NORMAL/ZCH0003.wav,317484,013fd2575f95d8c1250c783f0564445ad464e126dfac44ece47a2ed967793457
NORMAL/ZCH0004.wav,317484,0193c568e8efa87072e08dfdb6605f163992389c24ff164af32372db3b3d681b
NORMAL/ZCH0005.wav,317484,f4be4443b318176a91f235232c7c55c89a11bb52b85cee44418b10d2599fcf60
NORMAL/ZCH0006.wav,317484,a016d827c76df19231392004ad387fd96408d307e44790f511e241bd7157b32f
NORMAL/ZCH0007.wav,317484,ab0d193a18cfa515d4eab9e132e79f46411e11d22fb91eb759acd7edde70d6d9
NORMAL/ZCH0008.wav,317484,6a1824cc3ba7d74bbf977e589012abee4a2e8ec7e4a7a2b34bae18cf199b1bb7
NORMAL/ZCH0009.wav,318124,ae9f6d624c641ba0e947996650fb15c34d6da6e97fc8bc4ba85dc6b3efc650db
NORMAL/ZCH0010.wav,318124,27ea390e085a6e76226af848d1c8cac1346fdd8bc970215e81bcb6a01fe8edac
NORMAL/ZCH0011.wav,318124,95013260ad127991eb59ec89fe00b4f5334b23d746c06ca20409c0017b54c90c
NORMAL/ZCH0012.wav,317484,4356745e901aa59f4645d2d76dd8a0ce625cabaad24e8910a8fa7bf681054642
NORMAL/ZCH0013.wav,332204,c2e3b76bec0ed2ddcb5c640d8674cecd27d3d3195f380baf8cf537d71c7de746
NORMAL/ZCH0014.wav,318124,4bb383479fdedbba8758ae4e1c8337efec490a4a280f7af16b2afb14e1aa700f
NORMAL/ZCH0015.wav,317484,c7c393f13c18d4ccee73aeb7a253b2ecf3d7fd970864c243f9c0dade7b693116
NORMAL/ZCH0016.wav,317484,3826133c26d7c7e2c94c6df64fa59d05190a2ef14f5589c8381514e3b1ce81d9
NORMAL/ZCH0017.wav,317484,67abe9c12f171b6a753c541defb36a25d64321829f55a55b847d6af003c84142
NORMAL/ZCH0018.wav,317484,4dd77322b76da71deadb99a0dbde9aa73ca90c6effb26f48590aa445cb330f42
NORMAL/ZCH0019.wav,318124,bcf87441e14af58a81748361fc21feddd6878bfb4a22759cd34dd1252b4683da
NORMAL/ZCH0020.wav,317484,591f44eb91f1dd292f212452fd624b45d79746eeea1fdd3ab48fc3061aa33626
NORMAL/ZCH0021.wav,318124,60e47b05331c981587c6c7d7249325839738443ac43eadc1eee546d86c9c6821
NORMAL/ZCH0022.wav,317484,75633a6ada17bc7036eb3a5869310d424f283b81bab50d5679d735ced65310ca
NORMAL/ZCH0023.wav,317484,bd96762a0f4df11849fc88dd081b2af1a93183fc1be597e1c81c94609e545aa7
NORMAL/ZCH0024.wav,318124,0d1f9e5d0537ab4a833ca779c30f3a634ea0600a3f335294f9afc6c1e5928809
NORMAL/ZCH0025.wav,318124,9cbda7cb0e5003c06cfeb45dbbddd583c7a5bdf065286124d77853da263017e3
NORMAL/ZCH0026.wav,317484,ce1299a7128234cebf28fd5329c5f30d8d28d719e62ba0d322800123f3415a61
NORMAL/ZCH0027.wav,318124,163116f9b23d98ab008081fd90dc3efc662b84678f78bdca423d656cbffa0792
NORMAL/ZCH0028.wav,318124,991ca4d65c76f555594c1cf220ab7f029a65eb4a6027f8057cf5a890ef1a2228
NORMAL/ZCH0029.wav,318764,c603bc7819c79bbda12beea800169289f5d03b3536e1df81261de43edcfabfdc
NORMAL/ZCH0030.wav,317484,223a7177a33e344c39c5a45fae08a1cb2889e90d9baa3d535eb0f6ce13a4b1d9
NORMAL/ZCH0031.wav,319404,96ac69802c03cb6c50239c9ec6dc0a92e1313cee227bd097b062ad34b024255b
NORMAL/ZCH0032.wav,318124,c7f121272365b721ad5a92bd1dcfcc33c34f12deffe3f2e74c729735e52c46cf
NORMAL/ZCH0033.wav,317484,0e105153379962d2bfcc18e36bf9b593aee3746a541059fd8e402984511fee2b
NORMAL/ZCH0034.wav,318124,6b5ea3193934f4779df7ce99344a14e51b91c935081b5be023b6d8b51bf97c2e
NORMAL/ZCH0035.wav,317484,ac606ed0904a7ba3ff0e91f94275efa09418461763efdf9aa45c09f4d61bb447
NORMAL/ZCH0036.wav,318124,5a8c7c2c6350d8217c8376bb1635a5aa4ba17b393e47544b78aa4dddf42967dd
NORMAL/ZCH0037.wav,317484,b67e15e1d3e5c63b6d2e4abb64f758eddfd192ca778014407f249d4997f77008
NORMAL/ZCH0038.wav,318124,cbf138ecceb25b05c8b7b016a2084eebc3c65116667b5f5831f1bd7d7cd9d8fc
NORMAL/ZCH0039.wav,317484,53ec9a21b0ddb03c1b961a2e947930b7bc2e81a2f92f0b93f14e048df54374d7
NORMAL/ZCH0040.wav,326196,337620b0d3a6e540ea5d90f93509fcdc0bed89e0b8d5f034cbb97f6f44e4a2e8
NORMAL/ZCH0041.wav,318764,56bfc7b074d494209736f9124938d7c64389a4b957980c21181fdf0d54e5061b
NORMAL/ZCH0042.wav,317484,e7c3118cea8f93a1b6c222dcb21a0317a8e8cdda9253decd3abf7923a4d6d3f8
NORMAL/ZCH0043.wav,318124,f2fdb1ae05952084bd8c04434a671fad934a4b0bb082eff31f0701aef77d3c8d
NORMAL/ZCH0044.wav,317484,e9dc8248c83e366c08a711b341dcf259e440c9a2089b511e12fd47565b3a8a15
NORMAL/ZCH0045.wav,318124,9ffd06b70dbaa7c1c1808f1c3a34ed3c7726225fcc89b1af6636b6bbc854cff9
NORMAL/ZCH0046.wav,318124,bb4fd3e22b29f14bd4dc0d18360bf737322346cbff5ee33b14a59cb7b4609670
NORMAL/ZCH0047.wav,318124,5488bd2f504ab132b7e08cbe45a80a55861203b026fdae2557abd1c4dc137a14
NORMAL/ZCH0048.wav,318764,16d7b815a8a8ee0c371fe73b4dedc772df4683fe02c1d3b094358ad0b2d98681
NORMAL/ZCH0049.wav,318124,bfeaed32e624f39ba1cbf04e00ad0d3b37d9be9416a909c132b7bc8eb4e2d3aa
NORMAL/ZCH0050.wav,318124,645566b765f8cd8787d284294a5531f4d3e365ce00534c0839a76e367ae4fad2
NORMAL/ZCH0051.wav,318124,f02da1e7633b6459a08b7b781804a311b0af6a315f250713defa88f924789e28
NORMAL/ZCH0052.wav,317484,20c398e905fe07a4151bfc31699172610d40667b6a75f5a7512d330d5a586e15
NORMAL/ZCH0053.wav,318124,fe2d70d2a3ed0eaf8eb40fa87511446c6240cf854802cfa04e05357718c7a7ee
NORMAL/ZCH0054.wav,317484,f89e71b17016341b4df6e5f3e03c79538f4f25e6158a92fe3414e2e5d02aa2f2
NORMAL/ZCH0055.wav,317484,a48cffdee4ce0e466596086f201636e08e0cd966f03508b38068a6a7271f63f2
NORMAL/ZCH0056.wav,318124,1d8eb2802a365990c23b3c718cfe398613454574fa8679a777e492323a48c678
NORMAL/ZCH0057.wav,317484,23ff750511cb3f1f067bb518e2661be94c8c804f4bedbcd287409ea7b3418af6
NORMAL/ZCH0058.wav,318124,578e1be7ceb1ad9e80862a35caf705c1d72b5bb30035f29f71273734753253a6
NORMAL/ZCH0059.wav,326568,ed6c69b105f0c001957af71fbd5bdfa2f1fc880c6ac9d0e3f39224c74202cae5
NORMAL/ZCH0060.wav,317484,d2beba508b91c814e0350f7ebbb4cdf829a7b30ee991bd73d55c7a059dc553f6
NORMAL/ZCH0061.wav,317484,166d35d7351a1ea6d9ec5fa43ea31a88a66b073f076a9f4f98a507c3a0e2485f
NORMAL/ZCH0062.wav,317484,9c50b3bab04d5d9bbf64d97eb7e86b1dd21a6028c7c501ab9088b4af3c91527b
NORMAL/ZCH0063.wav,318124,6f8de8243287f7b67f60b1837be4c7ff10b88a98c6882606c2a4edaa33f93bb8
NORMAL/ZCH0064.wav,317484,cee94a5ac815e214dc8080c2140fe3b9ee689c16e04e316fbb8b8c1bf1e42ff6
NORMAL/ZCH0065.wav,317484,49276d143a6310ce336a20d6c37188f16d50c81b6e43548bfc4a1e5a0e568b0e
NORMAL/ZCH0066.wav,316844,326b4f95106c894f6ded17ce0c7de788f98e7b8a897961eca6a364fde7288a83
NORMAL/ZCH0067.wav,317484,5c82f8c885b025db088a1a93357b08f4d8211873c5b280030ee36967fe2a2b8e
NORMAL/ZCH0068.wav,327682,3fc6ecc780917645b389a3fd22eb3cfd17245ec5ba8df2463accc662d8006736
NORMAL/ZCH0069.wav,317484,a89f6bac6007c77901a64161471f0b077b0245ad5cb9f85d9bc977967711f7e2
NORMAL/ZCH0070.wav,318124,de10e290b9dfa335f9d8a90c9ebf02f9f73f1443ab4a8aec85f13f816f174972
NORMAL/ZCH0071.wav,318124,890312374a309e213fe8e6983504bf1297e56462bfdedbd5c8f2259a3922b0dd
NORMAL/ZCH0072.wav,318124,0eaad06bf19236ec3f8602eb7aa02691160ccc63734b348f8f95b38209f776f9
NORMAL/ZCH0073.wav,318124,ed34c622bbe448ba0235527c453702fc9e72405f589a1ef88beb4a99b045abc7
NORMAL/ZCH0074.wav,318124,5be33504fdc4dbf465ae08865c16cf5cf1de4b25e78cb6f8a78731dc82f85a99
NORMAL/ZCH0075.wav,317484,c423afdfa220a68c52a0da49bc7f4d06e8a895d725167b04f289e4b772fb066d
NORMAL/ZCH0076.wav,318124,25325e775995746c95fc64a56ca7d8619dcb767d188ab07768674b940ecc1138
NORMAL/ZCH0077.wav,319404,73d1e35501e2d7f1495f510e68650e00473eb3a42ae5b85a461c0a03ac76f6f7
NORMAL/ZCH0078.wav,319404,59111342df81fa3d4e79126a6ac9625b11b60ab825ab89a97068c934f7ea0045
NORMAL/ZCH0079.wav,319404,92d51d05866ce558f95170d3059ee6bc10bf7fc9b1e58e16372ba916c7f1a3e0
NORMAL/ZCH0080.wav,317484,0e6057bc4675b13810457f394e04905b32163d6ab5ccf7ef37a82733a3dc5dc0
NORMAL/ZCH0081.wav,318124,012d71b47d922a50a0632c346d79956a7d9f698dc69dca3ea83219e1287eba19
NORMAL/ZCH0082.wav,318124,1852bc92ae7dc702d7abf11e00ebff18361943e7d684773ac09714e56e48b21c
NORMAL/ZCH0083.wav,318124,aa4c9f60307490c691f2e8f6abe73c338005a82ba2959145fbac69093a619039
NORMAL/ZCH0084.wav,318124,98469349f4c9c5ce630168204866db3352c104f0f4876b5928a8d58c208e371b
NORMAL/ZCH0085.wav,318124,0a9206b2cd27a4c34eb5872dc75eb6d02b17e1dce31deac92efb749a3adbb7af
NORMAL/ZCH0086.wav,317484,3a8775a6fd009a6a7580aa57c9858a418781929c32b6620b292fc9577c5fc0d4
NORMAL/ZCH0087.wav,314924,8f28b4c1c7c3288c316272b74af4ce4804a02ba442aab1220ee289c3cba018ef
NORMAL/ZCH0088.wav,317484,514f6abb91209890939e7c5c2306ee8d1a96d75237a809f2f5bf685f7021e509
NORMAL/ZCH0089.wav,319404,b2a462201997cbc23a6087c36ef5b9d2e2067b9637be5dfa62fa319b2221bf07
NORMAL/ZCH0090.wav,318124,add79a2966b85144ffa034be668fead4c720619870186a3eb960f2bf71ff04e3
NORMAL/ZCH0091.wav,318124,dd35a95ea9d35122f8b4f77e0216b008a2011f41a1cc0a99f85364b1a5143372
NORMAL/ZCH0092.wav,318124,84d2d7c1226e490167e85c8e2050a44d60d87d6830958aadaee7ef5f2e7eed24
NORMAL/ZCH0093.wav,317484,fca377015dd47138eada35f40db3af13875da4b2fad8daab86339986541070e2
NORMAL/ZCH0094.wav,318124,39cf1bddcdbf69eb25dbdc2bbc38b4ae05bcbc9bece32849f5139fba532cfa58
NORMAL/ZCH0095.wav,317484,c4df329bc5d8dd05f2d79f020a0b897d067727a0bdb19074d5c746b24f6d1e03
NORMAL/ZCH0096.wav,317484,02d30cea7c129c243bab9368a71b9c371fc54c03f50d472b5690aa3be42ec1fb
NORMAL/ZCH0097.wav,318124,9f96f8f98e18a8fd5ecf5420f2ffd88e97f914ac66950e04dbbf4275a8a1232e
NORMAL/ZCH0098.wav,318124,b1fae2d3f113b2c21b061a1f566561eb3b9b2b7070163a30d7574206b960dbe4
NORMAL/ZCH0099.wav,318124,e80015005d438a84f14110d09bf59b54d1e44a7625c0ee011e5c3545fe84fa40
NORMAL/ZCH0100.wav,318124,0d81290a7960f6d1ab533b794d28b2ac1a29d0e478bf95782e3277c250b58076
NORMAL/ZCH0101.wav,362924,8a32e7671c9bf27c5213a8089157b2820318417320ee566ef7f58ce5f86b2f99
NORMAL/ZCH0102.wav,321324,fa68bed5b911930b9cb25fb4e22956ebdc3526535adefea2a1dd7a44b69341ca
NORMAL/ZCH0103.wav,405164,9e6f4d1c23e57b3a8db6fe3f81de98ff89a7f9d8b652627804d0ec73d8bd9504
NORMAL/ZCH0104.wav,318124,5853b6377d2d2d5a92ddcfd18b7e1c3f4ba872f1831843308bb9c210d793463e
NORMAL/ZCH0105.wav,317484,f2a5573947211b42f955a92aa0f0a09f59b7f043e19bd92c973ff6ee317ff98a
NORMAL/ZCH0106.wav,318764,da42024312d75f79d76acfbdd57e3182288353ea78fee2404185acdf7158d4a2
NORMAL/ZCH0107.wav,317484,c5795a57a8932214e722b6db45a39a1cf106dc2adc60ab9f1601dab18699d04b
NORMAL/ZCH0108.wav,317484,0523522859d795e51aa715f263391d1fd98809a011b05e947bd4c66ef2fa285a
NORMAL/ZCH0109.wav,318124,5deeb2c218aca02fad5e0b14827336a7fd96722b12e0d82a085aeda8af7ab14b
NORMAL/ZCH0110.wav,318124,cec8fb2433bc3e881fed199aab7969da44faa5359099a4f504d001b967285de5
NORMAL/ZCH0111.wav,317484,1c04e6918e383d0974b58009d3f1868d65ba8336f6d044bc20f64c3214e18c95
NORMAL/ZCH0112.wav,570924,e1031acfb89c5f70fd7c25f6e7556de09600e78bb93905b167429fb2a950b4f2
NORMAL/ZCH0113.wav,317484,745b8028cefc4e793573603a6600597816873466872a450e233ec51427282a23
NORMAL/ZCH0114.wav,317484,cb9561c87360f3bf082e52d54d936b715482556a39b58c9f6eb021f08c41e64f
NORMAL/ZCH0115.wav,318124,4ef05721e54ddf84155d352605689bf847c75074d5963a6eb8223f871040c214
NORMAL/ZCH0116.wav,318124,6eab70d2bd4105909bb8cf82a4e5343bd47fd8048a9e93f595ef52f989f5ca7a
NORMAL/ZCH0117.wav,318124,cf6fd2021f3f57212e59e16b261a616866b246221933277cc7db65eb7ccf61f1
NORMAL/ZCH0118.wav,318124,b0bf38e624d8dd929ff43a5bffa094efd214239e1ec0437bc5cff5087ce5215f
NORMAL/ZCH0119.wav,318124,35d320e0c7aef6d04a68376c0f7070944913b2a1d49948d3ba4d72a0dd6b57b2
NORMAL/ZCH0120.wav,318764,5313bba87a92a717361317a10468578f6eb01fe6e7fa18d2f27af25edaea9e8e
NORMAL/ZCH0121.wav,317484,a3ee13fad475ae323db880149c0ae169fa7a459b0bef93fdee2da6e2820ffdd1
NORMAL/ZCH0122.wav,318764,cc6b0e2caef4dd588b99d3d7beea4d47e5f54b3acf464e97db3afdeb03bcbf6c
NORMAL/ZCH0123.wav,318124,0d7166c73d61b24d810c8e7c4f4e1e9fde04deb204d9fa1f11ef1454972e6912
NORMAL/ZCH0124.wav,317484,ad6c16e706d7da648973b5bb77ed583fd82989e06b9261f554b5e7075020fc5b
NORMAL/ZCH0125.wav,317484,a9ffb3efe3139f753ec4840d946ac46a489385e2a50df7b1f65acf79868baa42
NORMAL/ZCH0126.wav,317484,532be405e56db1b24c426ab4802cd07fd953c7cc5271e609dc84e74417c0a887
NORMAL/ZCH0127.wav,318124,f82d3b505494d10024c3851742c054ac787a86064ff7bf3daba23765f1060ada
NORMAL/ZCH0128.wav,318124,1c99ec622367ac47c10d080873d74a5d24b1d164e401f7c1be8e40acb8fe62f6
NORMAL/ZCH0129.wav,318124,2c5187b8ec59473a632f5a513db8f7692803f9ac2a32aec301ee2e605ec78540
NORMAL/ZCH0130.wav,317484,f7ad47e36251282615b071ea2228f7bcdf87bc97bf61a37605327b1be037e26f
NORMAL/ZCH0131.wav,317484,2f5590754eba4f09eaf494615ad204ce59fc5b3b1b25b39c698b06f17f4def00
NORMAL/ZCH0132.wav,318124,7ff5358aa128aa7ddefccbffc70134aa75948f1736736b144d4b784f227e2571
NORMAL/ZCH0133.wav,318764,8b59d7b99c195343c2cb50c32d0a6927ac5271c10452d5430e9ca1a04d796566
NORMAL/ZCH0134.wav,317484,a5cb5857a3ea84cebdb668a977fb41b6e87cd3268a35d30b24655c455f09b112
NORMAL/ZCH0135.wav,318764,ab12e4609d33dcd42a5f1fd2775fb35dbcf4376eb24ca9967f04399bba3f1f9b
NORMAL/ZCH0136.wav,317484,0ba10ccdb8cf506a1d0fbe4cf9571ac8f1d22ab38bb18f62783b45788524230d
NORMAL/ZCH0137.wav,318124,7208281951c4accf8288e229de68dc26d2eeb92a8d67c0f232bc93057ed1c696
NORMAL/ZCH0138.wav,317484,193181849d688cc8aa2a232b3390c9bff088e6b12511ab737c22f55b494bbe30
NORMAL/ZCH0139.wav,317484,9bd7faac6b7085a2c9511a45b2ce3065b6b3dadca834e733730486dcbeb48b3f
NORMAL/ZCH0140.wav,318124,d3bf2378f2fc583a029c13bfbab5a56585580fffc8079dcf67aa33e2dd29f8f6
NORMAL/ZCH0141.wav,317484,ff0c5f159d7366f30ec25d6beeb4635762b202515945032d67669f28938c9dc4
NORMAL/ZCH0142.wav,318124,2b4452a2e52bc04d45f750403c207f6cab94faba2674ddd99b0419a7253ca443
NORMAL/ZCH0143.wav,317484,d2f939450f90b179d8649d91087fb492b873ca7a1ffaa99f97554bf2983f7fcc
NORMAL/ZCH0144.wav,318124,9a747b82ac8299e4b40d3e22d1b3fed6e18b8c9d3009ead72ecc5754e4585d79
NORMAL/ZCH0145.wav,318124,35543f16bfc5244cdce536f4858bd94de0e617925f2d8258c3a5f4275c1bbe48
NORMAL/ZCH0146.wav,318124,6d4db21eeaee7b8f8c6ddbb520ea02c48511f1b087ee24d0f28ff88d902cf275
NORMAL/ZCH0147.wav,317484,fbc018f7a91596b733960eaf1a4449480acb4d808a850cf8f50902de7d5ea74a
NORMAL/ZCH0148.wav,319404,46ec8853946509a22fa31e08e7a539ce3a52054170e5a6b0947a93a42741ff45
NORMAL/ZCH0149.wav,318124,ef5d173e7dc2e5dfd64eb93da9f20791b805c0b2e56d89dfeb9c90e264a84a7d
NORMAL/ZCH0150.wav,317484,fb145808183a19ef6ca44927e9da0395bef2cde7fc476af8b563c8ca828c230e
NORMAL/ZCH0151.wav,317484,d303c7c1db084898e838e3d04334d6aaadd8ccdd16d6ca1006dda882a85139a9
NORMAL/ZCH0152.wav,318764,b61f7365b6cde0c98f073fc8323717040bf35189914e4f431dc1ac34a58b4c51
NORMAL/ZCH0153.wav,318124,33b8132e28d0fa5a999303ef12e005dd09be670422d9a48af035a6410f55781c
NORMAL/ZCH0154.wav,318124,949ff02744e9f95b2717e590128a2e121e96cc97e7739953a6d01072965dd6cc
NORMAL/ZCH0155.wav,318124,9f9c23e1bf9ec70833cb9c8e7a7b375530d3a22a771a491301532ee0f77579e7
NORMAL/ZCH0156.wav,317484,5238712804a2c404aab3a951936259e8fb65b068afc2bbc55a07feee217e910c
NORMAL/ZCH0157.wav,318764,924bba823be4d8071b20900c3c990abaa47b187071fbfd62548b46c4b92c66aa
NORMAL/ZCH0158.wav,318124,b2a9d08fdd23960e1cb9e0ce054fc8a448a253e6c0ff0fbcd55cbf28cb71d01d
NORMAL/ZCH0159.wav,318124,3c563104aba124a6e8c9ec4096b9425e2c83b33cd3d446750f4cd41dcc17c5ee
NORMAL/ZCH0160.wav,318124,dd6ec8c8dd2ccfa2fb109ad54643f9681fc0338d3e99d3e6ce6dc2ae94c05c3d
NORMAL/ZCH0161.wav,317484,85d334c87b21e7ce6e72f63012e0b5f312e32e7bcdaef128f56fc6c85a609e70
NORMAL/ZCH0162.wav,318124,f5620b2ab8531d2216355fcab99a36e8476d66f9e881f2aa1504a630e1f8c8a4
NORMAL/ZCH0163.wav,318124,e7ae6cdbbfe9c134dab75b82910553f47726ab5a7f5b41f4fc7ee0ab01fd1653
NORMAL/ZCH0164.wav,317484,bccc29540b691bb964a497a58568b3590d884c6462ee17259dedd5d7c0f2082b
NORMAL/ZCH0165.wav,318124,b736752ae62cb377aea4785bef91739fc52b4aea65a613dbdc8d3cce3316bc58
NORMAL/ZCH0166.wav,318124,2a185a6ea1384a9da78b290732deaec9b8f24b6977b7ddf9de2a73ecc7bb57ac
NORMAL/ZCH0167.wav,318124,425e37daf14348df144d04d1baf8517c293d5aa861a97e5ee4e6892aff4f1ed9
NORMAL/ZCH0168.wav,317484,c65c575f2fcfbe53875cb4d0be0cdd086350753edd352b393f618bc62b9e58a2
NORMAL/ZCH0169.wav,318124,43b4045f8e5eb34a7f512cf48a4c44f8e757f6cbb93acb4c585cfd16724edbd1
NORMAL/ZCH0170.wav,318124,b9c4c77a7196dc55a1701ed4ca7f15aca9051e3bca7697e62f9002d844c16917
NORMAL/ZCH0171.wav,318124,add79a2966b85144ffa034be668fead4c720619870186a3eb960f2bf71ff04e3
NORMAL/ZCH0172.wav,316844,a97425ddba3acbff844b04dd83ee6250646429ab157522e89320a538e5df39a0
NORMAL/ZCH0173.wav,318764,3ae9a9ae942e0086251e28d8c7e07c37005a398f39a022f620ababa919742e64
NORMAL/ZCH0174.wav,317484,e2040e10530bf568e37e60e4922b519d0dd6d5a11a8d1ab456a32e9bc2ce066e
NORMAL/ZCH0175.wav,317484,f317577cae579941d25a3195f7416aaf6474e7a79bb49abcdbdd80fa6413424c
NORMAL/ZCH0176.wav,318124,a84278a6d95b873f5c84aafa9e800169e6563602a081e93e3f71abaf5dd5846f
NORMAL/ZCH0177.wav,319404,c248cdc533251156e5190c3084154861fc048e4954b4e9b92998af1e24fd3df3
NORMAL/ZCH0178.wav,318764,6fa24775179dfa5eae7fc389069897b517271a88ea4566604c0a0504cf6998e9
NORMAL/ZCH0179.wav,318124,3387b14c633d7ab194c9e969b93255f26a18bedaf43b8edb55f577c8db5f323a
NORMAL/ZCH0180.wav,318764,8c6f19113c0d2271c6eb5d1c6d2f1a21cad67a1013cb4e0edb37d814b69217bb
NORMAL/ZCH0181.wav,318124,3464b73fc5f772206047eed7726f3da0ad349be2b8404f0b3f362f9d8776fb40
NORMAL/ZCH0182.wav,318124,51ec2540646324fa14dc7a880f71f8b0e495ecfb9b26c6b79f3d928e872369f7
NORMAL/ZCH0183.wav,319404,1bd8edece0270095c4dc067000640c4d68f873e06df4cecb71a679492010adcf
NORMAL/ZCH0184.wav,319404,fdc580d73c827b37a41248c7e90f5a1e9ffa29ae57495b33cd3dc4ac560731bf
NORMAL/ZCH0185.wav,318764,645df9c9a54a570cec2cbd92bdf2d75c7a90ef6e321f85a65c7ca2e7fee19e8d
NORMAL/ZCH0186.wav,318764,e054f4ae2b96a69b710f4c33355ded5583999b911c15214fd27ee1753f9ab6f9
NORMAL/ZCH0187.wav,318764,8ad99d255cf2441aa1635fad4ad0a47a463c258520bd74db60898c7e1451324d
NORMAL/ZCH0188.wav,316844,69383fb5c24b311f1636dfed850b2706e9361c20ed484f458e54383977acb487
NORMAL/ZCH0189.wav,318764,a31995483c24ad71733cb98622b2906e33d5762d840a0618c1f08ac5a97870bd
NORMAL/ZCH0190.wav,319404,2f8be12bf8459403d92f54d02ebb26606a83298667079c14734a0ef358ad2b51
NORMAL/ZCH0191.wav,317484,66811fc11ce84a273f8fabc15d230b3eeeab5c863edb61970bcce30fc6909bf3
NORMAL/ZCH0192.wav,318124,2791a80a00f572a96f8286631511ee4768000332ec0776927592ba5d88b82dac
NORMAL/ZCH0193.wav,318764,c8ec7bc4ad653be8767b45f7e4e3c93d25b669a6a05d55a02b0a2cceab3f8cb0
NORMAL/ZCH0194.wav,318124,3db6baabec852a5c9fd5dc2e2e9bc393b8198f16de66d1acc1188f96285d701b
NORMAL/ZCH0195.wav,318124,f3747809c57b755e3c6c7adc11dd48d012e60b21d57712e8a7bb0ff934aad1f6
NORMAL/ZCH0196.wav,317484,718e2c0eb53c71561a2779ae382185ad625fa51b666667151e5c2c5db33a2ddc
NORMAL/ZCH0197.wav,318764,5b508f75129c0a58a906742da92431be276c47d10bd8e46a8cfd1eab5d7cb090
NORMAL/ZCH0198.wav,319404,c301d3ab0f5fdd694c701ddcc5b4b6c471ad0f86431da6f49d8ccee9e7f2c895
NORMAL/ZCH0199.wav,318764,3276f27f0296d0d96c67df38d9eed353e9f3dcea30b04d56dc7159cd9ed95e6d
NORMAL/ZCH0200.wav,318124,6a96b0129e8c95505411433c2c3af3fac41fab3963b2354d546c960b9696fa13
NORMAL/ZCH0201.wav,319404,d6a555f32aac303378df18509d6b1afde6b607ec5d8d2e333903c2a85fd73665
NORMAL/ZCH0202.wav,318124,016e6a4823045ea74edd2d70b9760e0ed755cee89a2c770d40dd8d8751b921a1
NORMAL/ZCH0203.wav,318124,74c1293790481e6f772770456297227873d483dd39f690dd576a380d883397fa
NORMAL/ZCH0204.wav,319404,20137762d12dd9edf52902dd14d633fe4f5d57e24c2dcd5a2c8f9f93bf2fbc3e
NORMAL/ZCH0205.wav,318764,db4955f269952fa6935a2b62590e3a9585aedf62c38007121025e8ee9c40afcb
NORMAL/ZCH0206.wav,318124,8119ef0ec0d7b34fe6b8f10ca08762799480b5d7c238d55b48f4b0a6f17dc2e8
NORMAL/ZCH0207.wav,317484,0714b88842a481370f7371af18f78f083ec4081b890e5473133c90da4223dbd0
NORMAL/ZCH0208.wav,317484,a855c3b6a9266137c88f93b4c288f884170f1ecf795197c41b47b98327282f88
NORMAL/ZCH0209.wav,320044,fe166fa76b293b1010f29262d668ebf628b35fc3a772dbcb85afe8914d34ea2d
NORMAL/ZCH0210.wav,317484,9b7858aef4d53482c84a4efb8d7ffe9182942a89771e93572d14b0df3417c04b
NORMAL/ZCH0211.wav,318124,069242fe43fb3b2a224b95f30cdf52864454d84621bb55893e230e4da1140e04
NORMAL/ZCH0212.wav,317484,e8924077d1e8632052edb5d50c3e449943a782f00e4f48401bb9b3ac42a09656
NORMAL/ZCH0213.wav,317484,0da46643a0197eac12a0b0f42536041ac67aaf8e3cb3c79792edbe360f78bae8
NORMAL/ZCH0214.wav,317484,3346c1c2737870fc7e77fb362c2c419e33bef762b5f38d7a8bfc73d67b7a9c0e
NORMAL/ZCH0215.wav,317484,31883afca7281c2fe8dee083784b4ef043530aac8d9ab8a43c3a8f489a5c2296
NORMAL/ZCH0216.wav,316844,c8f623ddbcbe52061758f47d8b7fb6602087b229a04f5cebdeba37bc3e2675fd
NORMAL/ZCH0217.wav,317484,fc8e57f887b7c4c310c4525f508cb715c49cd18e5f9d74dc9e23de4d2ac87f59
NORMAL/ZCH0218.wav,316844,ee384eb961648b69e37bc291a089fa9e98d3d49e1f5dc8bf710c2f80a98effd8
NORMAL/ZCH0219.wav,317484,c7c393f13c18d4ccee73aeb7a253b2ecf3d7fd970864c243f9c0dade7b693116
NORMAL/ZCH0220.wav,317484,2f1721b00017cc9bdec3f31b2e82f906dc27a2680f74bb12806c8dd1f2e1d317
NORMAL/ZCH0221.wav,317484,3ac538960e1155a4957c40a85f2268cf5870132ad4cf40f54102193efc23c9f9
NORMAL/ZCH0222.wav,317484,1d293319ca303da1fba8ceb1996bdec977f956cb9e1c81acb5216f995f351ec6
NORMAL/ZCH0223.wav,317484,6619ff120cf7441415bfac996b962a880b416ad2e9024b36c5328cd4fba0d8cf
NORMAL/ZCH0224.wav,317484,45ddc97c0ef022d3ade7973bb226bd3e1b56187f8c85c2a36baf9cfeef3cae14
NORMAL/ZCH0225.wav,318124,b67a7bd90fabad8f457cd3834c52e8fa7bc9225e61f7893db3cee6c2ad684720
NORMAL/ZCH0226.wav,317484,1bbe59348dfb53abf4f052849eea0c139596b8117ef7d2f1f02e34944fe9447d
NORMAL/ZCH0227.wav,318124,89b72d79f62a5c5c72e02b30285c359e6db436923c49966752425d3588c61d57
NORMAL/ZCH0228.wav,317484,fc804536b764a5a730583a7cde54782a832593683ee7a4b9cb5f6117a6bfd7e6
NORMAL/ZCH0229.wav,318124,b838a4e25d60c724a2e671cd512ba1b993a83d597c97c63c8f75e7a8a876d232
NORMAL/ZCH0230.wav,317484,7b3d37819ddbeea4b66a1ed744d196345e5cbf047100689e75ad0699971f7195
NORMAL/ZCH0231.wav,317484,0827f386598f920860de8dbec0ce9f36d0868a271157654eecaa78b454f8205e
NORMAL/ZCH0232.wav,318124,f4c3428318f2c5fbc60a9c3d0b283a00bb88427b9aea733525c5c5ca3a841f08
NORMAL/ZCH0233.wav,316844,227b222e4110a533ef9abf6953b107f75c29e14b6997a2f7a7b0915605fe8dae
NORMAL/ZCH0234.wav,317484,eb4be817178e00346b8308097c89c97832fd3b37b37228ab3cfdff9ad372e27c
NORMAL/ZCH0235.wav,316844,8bbf098dbb11e7faf52c64bd323097cec6372e7172ff45b82fd6cbe2717fa1a7
NORMAL/ZCH0236.wav,317484,2254956a60a056aade8d8d8f0c08e67af609e03ece2865746a39b4a5f68656b6
NORMAL/ZCH0237.wav,317484,bdbffa487307eb69daa972875fb96046af386db24f9540d59a267ed9afa15e7b
NORMAL/ZCH0238.wav,316844,729593b091d4f1f88b480762e852ed3c7d206a9808637d95a448189bc9c54f42
NORMAL/ZCH0239.wav,316844,10585d5521639779a8f1110130addc620606b99be1d66f6314ca450eadcda2eb
NORMAL/ZCH0240.wav,318124,25bb4cc26d7cf10726717e24333ef353a07a92c370e03eaf63aa2ff989826fad
NORMAL/ZCH0241.wav,317484,fe45bba73d8b9a3289ad4cffcef701171b1275d7ce7c5dc8c7fdd97e1c0fa3ec
NORMAL/ZCH0242.wav,317484,d65ab45db146a53b850596324370541aa3e94c349f865adc98d2340666818461
NORMAL/ZCH0243.wav,318124,e895bfcc46dd577692ab9d87a745fe11c8a2362937bb70fae213491a89e5c3a6
NORMAL/ZCH0244.wav,318124,3f94fda608ef1a4f9fa1826ad4417d4e9053b7ab0da25d381ae46d5e9aac6cd3
NORMAL/ZCH0245.wav,318124,9a775fa539d92c7edcb1e8ab707ba94758caf182efcd745b3b86eb48c0533fbc
NORMAL/ZCH0246.wav,317484,a7939b38db9f30d14bf70986c32ad5225fda9d0776cb8b26269b6139f6862289
NORMAL/ZCH0247.wav,317484,3eee7266b0585c1085f55021d788947945a1f82d3570c075575a5968ec13c1f8
NORMAL/ZCH0248.wav,317484,5adb20cf5f568dcbb7b9df7844168088761c4fe214b326e7afb24d1877af74c7
NORMAL/ZCH0249.wav,318124,70792c765589e0fc090f64dd8b90842d52bb51e16b18693f46a38a2cecd5e9f6
NORMAL/ZCH0250.wav,317484,a5302f406e053a1777dbc4782f675bb51bc198b40e0b7f027691023f935db382
NORMAL/ZCH0251.wav,319404,6f0f8899b351c8a037c21a5eeada2196d61c3ce231eee8c13f85017a727b8892
NORMAL/ZCH0252.wav,317484,f731746718af83447d1ae4e172ee3900b56f24431ea49af39cde66ff3fa5767e
NORMAL/ZCH0253.wav,317484,3c27d29db984769ef9cc2cd954bfc32f72b5535be04627e3186701d63767bf56
NORMAL/ZCH0254.wav,317484,9ae171bd59cc73a1be3eb67f49ed9305f21c3c738824e403c1d6f6f9ce7a37c6
NORMAL/ZCH0255.wav,317484,3311414d1fb7629e645d3439edfa0d56060aae32e3c82d78f7d56790eef2dcd3
NORMAL/ZCH0256.wav,318764,7cbc19ea8c8e6c6f8cfffe80ce30722d4204b92c9e4876bf86d41a3ae6fff099
NORMAL/ZCH0257.wav,316844,f0a79c70c0121fd4d2ced4c6449831880fb59a7aee9d3c3e910bd2eb3338c65d
NORMAL/ZCH0258.wav,314924,c0c87ed6edc7bb33a5c34024e90fa48ac74c3e711c37236e55ef19836d91f35c
NORMAL/ZCH0259.wav,319404,6a7b1c5704373769a5813ceeabd539095068bce7c14eec4c6335df030b31e197
NORMAL/ZCH0260.wav,318124,51333ab3958a400f3e4bc08fa919b3d637a8d3e0ab9116480bd24d8389594abd
NORMAL/ZCH0261.wav,317484,9d5e59bfa80229ca3aefdcdd635aaed46c0577ce0a476d19113ca1801a62c815
NORMAL/ZCH0262.wav,318124,cc3d4c22d3b4ea2c9a3ee3d5bfad933fbcf72553f3a841c4009c9d240cf24622
NORMAL/ZCH0263.wav,318764,f48a60764f504d7541778e3d2adaed82c01d83a648721a939958a9a1d19c72c2
NORMAL/ZCH0264.wav,317484,dba7c0d363736360facfa788c1b25da72d049811f9a58e4d0e986c6c99d6eaef
NORMAL/ZCH0265.wav,318124,c28de12b0e8be5bd7a858208f93f87e0ce69ded6030b25a92bbdca98d31f1319
NORMAL/ZCH0266.wav,316844,bac41613afae049e5ba60dfa6906e20d1514cf09482d08c2ba18834c98149fcc
NORMAL/ZCH0267.wav,317484,f9070fad9f9fd89a506043fd05f5f2ce47dbd2e20a3d8ed9f627bee5a1515f69
NORMAL/ZCH0268.wav,315564,50963b87e491e213ba028f0e2abf327721c168d8040c38f30cdedb711da800c1
NORMAL/ZCH0269.wav,320044,a1f2867ebfb40882af79a794401377de7d9213a1ae14ad51e63ea248b0c59f40
NORMAL/ZCH0270.wav,317484,e57635d54fc42ee8db4fad161d460dd16e661b69d9bf0f938ec52c2fbc7f6d84
NORMAL/ZCH0271.wav,318124,5e21f6da5ee07bcf526ab1841362c9e03a5a0330f0108bfb81820e9167a68e8a
NORMAL/ZCH0272.wav,317484,0f59a5c8cea44262ee92ebd228b8f943c1dda0b5bd502a6978868d5d714271e7
NORMAL/ZCH0273.wav,317484,18c08e3ccab0fc92aafab09704fda5bbca0e6b01572009a21aa377ddb37d4fe2
NORMAL/ZCH0274.wav,317484,ae043ba5b60c07ffc4bff65f94d0eaf9a8b07d59203f869dfe73d0ce63602c41
NORMAL/ZCH0275.wav,317484,8caf14851493f75194a8386e9cf6b174a5b084d07e0d0bb07ee7bfc8ba9deadd
NORMAL/ZCH0276.wav,317484,2d7fb3b3a1f23999e0cb8bd86030425a359e03c71993c525efab6f6cdbdf0ec2
NORMAL/ZCH0277.wav,317484,8d5007da4d010cabad9b5245d182337a98177ef8f347acdf022e3d78c97ccdbf
NORMAL/ZCH0278.wav,318124,3452457111e9471d32994250ba709fdf8018c38381a071ff65668cc0debdf2e4
NORMAL/ZCH0279.wav,319404,3c16e41526a82dfb56b97fce84ce3255a582f8ab4cd83c4ce6d9be25221e8d0b
NORMAL/ZCH0280.wav,317484,c0014ee9e9312e9c3957b0924ae91941716a550bacb2118a4c821796c91765e0
NORMAL/ZCH0281.wav,317484,658d49f08571cddd14d0621060dcdd5c486ab141dc3d129ded4dee8c83b5d607
NORMAL/ZCH0282.wav,317484,2a1e48606913473ea645031adee20588eb46aba5464fe2c1483fb7209cf8d70b
NORMAL/ZCH0283.wav,317484,628e98fb57a44d05fa24d84d4b8999752484142d0c1786b61097e70e60c10c97
NORMAL/ZCH0284.wav,317484,bcc98672494a1145b9f03ccc31e53d41c358d0e5102a469e27500062852d5bf7
NORMAL/ZCH0285.wav,317484,6fa149b703d7f1090a0e20696189cb8d631e1d1019a6c3806d01e09edb2bd638
NORMAL/ZCH0286.wav,317484,163b8c0016bf5ff020cd4496733464e3257e725a027affad364745d778210571
NORMAL/ZCH0287.wav,317484,74d6c70bf65b4c8c8a2108de10486ec467964db9f47625d9ca2fb96c15ab6a1d
NORMAL/ZCH0288.wav,318124,5086e740d22ef5aa7257b27b24a7e1c2d307ee01ca5bcbe2d321dc4292eef04a
NORMAL/ZCH0289.wav,317484,0202bd986597aa353cc904a1eee11d8a9c432d2d62455a4793236e221078f14c
NORMAL/ZCH0290.wav,317484,fe039fdc7244ef2a7e667a218addd6cdf641073ac21ad2fbde5842559e74a2af
NORMAL/ZCH0291.wav,318764,c4b4a6230f8ba9c8d4e4455c00bbd76267011ab16215e8876da558b7a2affead
NORMAL/ZCH0292.wav,317484,ec6d9585f544b0ef0bf349a8c81a5fc1b30d09bebb2de35f7a1d5b85c46add90
NORMAL/ZCH0293.wav,317484,74c3de5634b29d096639d30a3d2dcbfdf607b5d24e273faca5ace156f4834367
NORMAL/ZCH0294.wav,319404,9e9b70fd26d07891a93e69ec19788760d34119b89679af082fae736bae20dc17
NORMAL/ZCH0295.wav,317484,c92817eb6dd0c52841fb807c5564dbb3d9b52ad0da9777fe800dc24a4bd325e5
NORMAL/ZCH0296.wav,318764,fb52c408daefeedd72474a89f82bdfd698f8a6836eed996677f6938a015091fb
NORMAL/ZCH0297.wav,317484,c50ff2484dcbffc17e964e7cff2cd59a3a2652352af15fc99b6fe10acfe6cc96
NORMAL/ZCH0298.wav,317484,d1ab6457892e28881dc21da0395ecb8ae051f558cebe2a8c99f0be60d27619bc
NORMAL/ZCH0299.wav,316844,6be3ba01d72c8691167d21f885c8280a87c353d5b8779f06b2529a14f4e090bb
NORMAL/ZCH0300.wav,317484,4cf0c89cbe7a7f017a9a2296446b7397272c4906621b589f9b1c561065bfea89
NORMAL/ZCH0301.wav,317484,1aaf1de0e247664025c751fce33f4d5fc140756f070a8d22cd5cd99848c1654f
NORMAL/ZCH0302.wav,317484,4a435053fe4287305ade41685a06e92f9b9180c2ff4a9807cfd16eb8bbb3f788
NORMAL/ZCH0303.wav,316844,2952e91f0152c95e78d2942147615618df3cfc77a11947898836171ad94b1cc7
NORMAL/ZCH0304.wav,317484,19b8c17e7a1af57d39f0c286464d65c6b774f29044385469d93803fb3c1d4b65
NORMAL/ZCH0305.wav,629804,7a3742d79b990a176ea66f1eb49d0197a200fc587ba0da746cec57a4384c54b3
NORMAL/ZCH0306.wav,318764,c1ea7be9dc240b9f0225f1a7d43c261227868f78774b0d84bab740be3bd0b47f
NORMAL/ZCH0307.wav,317484,6b208e36880d507ab0a219376957db5bc4ccb63f00cafa0c612fcf5ba78bb550
NORMAL/ZCH0308.wav,318124,9a4aa906035f8f035fc3687bf467bb18d5735f9c929da73b4c09539c0b9a84f5
NORMAL/ZCH0309.wav,317484,a2290a7c66fa5c8a4d1aec2b3c9a0435000fb7365e4f0a620a11d5e79c3b40d3
NORMAL/ZCH0310.wav,317484,b2d71e1d05cb301a182ec6b594e29a17181cc2f367c92a84dc7d8bff0ed376b4
NORMAL/ZCH0311.wav,318124,6a77df1a523e157f9a74da134176c111f4f8de6b1c1a23116a1c26603a24ea5e
NORMAL/ZCH0312.wav,317484,3741e0f9c0553b74916a35cf21af61e6bb2d18e85b535395d08598d1ac5bf667
NORMAL/ZCH0313.wav,317484,ad8231780e1bb25d32d24e70bfb28c1e32941ddefccd7a269a303f81b413a15d
NORMAL/ZCH0314.wav,317484,e294cfdeb7481b51a1882cd811601bc08ad2869fe6a6d21b2112533dd86a86b1
NORMAL/ZCH0315.wav,318124,42ecfdfcc38ec143d776a2d96c2cc32efc4d829655bea905d796bc9b98772755
NORMAL/ZCH0316.wav,318764,8cabf55618aa6c3620760f4a266255aae0680fca2b50b124da448d5a5be9089e
NORMAL/ZCH0317.wav,317484,2499e8b84e5b722ba649c106516782209f739dbcf137e4c8f0e62565dc22f879
NORMAL/ZCH0318.wav,317484,1377632d7a2f03e9281ce2cde81beb52d1926093e1979c21d988ba737b48ed03
NORMAL/ZCH0319.wav,318124,a8cb8fe8b1e98d05eb3771f83ae05421ed6cf5005d6a6ef41a7450710ae00b37
NORMAL/ZCH0320.wav,317484,bc93a48a9a2d7b9bf0d4e0a07522f09f3c77e516681fd6f1d11574c53f6e7f21
NORMAL/ZCH0321.wav,317484,9db7de043a2cd8580bc24a1f50cc699297dcca423297cc4747ecdaa324564688
NORMAL/ZCH0322.wav,316844,671a7661b27a330424799becd129fcb0df2e60c0ff35b7272d6abd5a9aa4d99b
NORMAL/ZCH0323.wav,317484,01b5939a7484aa46712d4186407f0f7f43bef0220b21ab6bf7f94fd495c60065
NORMAL/ZCH0324.wav,317484,62b9df8c761d8191a2eb865556430683299f6e35137ce24d4e64cd6d7a7b7e39
NORMAL/ZCH0325.wav,317484,c017c798a9ad1be5fd476cd4dc4349e6c393b9963b69c00b29032d75960093fa
NORMAL/ZCH0326.wav,317484,ffa3992b92bd7c33d3f4e95a5bfc162ee8427181276a570f65157d3958b7c16a
NORMAL/ZCH0327.wav,317484,d28a2f0f0d75b485ec6c8343f182adf302ee1cd75ee0f4e10cc6275d572db623
NORMAL/ZCH0328.wav,317484,8027c5086177f08de8555fefc6b24adce894bad320e84163f042411b62372279
NORMAL/ZCH0329.wav,318124,c75291841c43d0a4d5bb5c34a40cc35dd9e786d7e09430d3067810326ea1d7f1
NORMAL/ZCH0330.wav,318764,e1c4a99405605b35e0cf88e29d4989cd03392d3b08688576e5172d9093c418ad
NORMAL/ZCH0331.wav,317484,c4be72b6252e11de3d4f83e34847c8f7a6adbd8ea3a21ce1b80c538c712eae2b
NORMAL/ZCH0332.wav,318124,31eaef4458f0bafb06e7c0558e63dbcc4c14f40863ec8db090af1e6d5afc4de7
NORMAL/ZCH0333.wav,318764,d4744d1c11f5994b7133178912b228540cd68058dba73eef08fee9563ab26fbb
NORMAL/ZCH0334.wav,317484,d84482640a8ca6da55f3f4f20e504e00fb6a0c3458a36b49e1381eec38f3aa9f
NORMAL/ZCH0335.wav,316844,bb1176f13ac98f7ab3e529675675a3e1185edb4527cd189bc3c4947a44e5fcc6
NORMAL/ZCH0336.wav,318124,05e21e4c1f6e2db3e13ba5609d22913680f7b2090f74e82c6b24900cd0026f5f
NORMAL/ZCH0337.wav,318764,0478943ac10a0664cbfa4ea7e0ed6bd2dab123abce86dbc42752e7fa1e4fdc65
NORMAL/ZCH0338.wav,318124,d5f63b7b42657adf7a1aed879df7b8970ed401d58fb72ad666e298472aac4866
NORMAL/ZCH0339.wav,317484,395c39c82826def3eccdb35091d01c252a550ca2276ec2a92c8f3cff5ff5d97b
NORMAL/ZCH0340.wav,318764,f48a02e193ba6c38ee56d3911831af6f5cb2fef265b887a1fe0d30618170c818
NORMAL/ZCH0341.wav,318764,a4f64c49674696c2f97add5a2f340e1ed9b4541b8120497ff9a1572fd79db5ab
NORMAL/ZCH0342.wav,319404,1768b8c5f23d0fc65e6a554ca641e683dad26bec72a87c7b2585267a9dd744f9
NORMAL/ZCH0343.wav,319404,d97be0fa792e96bf2ef290473d23fe60c24eb5ad180e438bba560569a1c885fc
NORMAL/ZCH0344.wav,318124,06702a3128e99f3af80be5f26ffb2e3f7426fc08d1ba185f311c4bf6c64a3783
NORMAL/ZCH0345.wav,318764,17ea7242a691b94256f5db198f255bc19810a4a6341dc14834bfc08cee869c50
NORMAL/ZCH0346.wav,318764,517bc8ced2e955dda4bde3fb566881bc743fc58e2831132a3310f8fd5bafe538
NORMAL/ZCH0347.wav,318764,160847826b5a560f723e5162b1efdf3613372e4286c9f6efbae4e31e22d6e8dd
NORMAL/ZCH0348.wav,319404,d2c01ec7ea2645c91ef6ca8630e8ee90ce3e6fc1736a2841abce3403495969a2
NORMAL/ZCH0349.wav,318764,c41e3b683671cbfa0df611385c218cec6251c2212790ba20d6df95cca9100436
NORMAL/ZCH0350.wav,317484,6275afea29d3f26f881c2fd52e92ae66de8b3efaf2c33e124a040ab7ca2f60f9
NORMAL/ZCH0351.wav,319404,4e0e1531c2300d227180d0ee68bdbda294844e5d6b14beb51484e6abcacba0a1
NORMAL/ZCH0352.wav,318124,1d72cbe39f4e102f66f5a8d6be0b1aa82843661237a6c451f4ab5ebd17a8c965
NORMAL/ZCH0353.wav,317484,e98d5dc962b551d29697ae1b76a44048b33a58d9c75e662fa658ed387b2cdcbc
NORMAL/ZCH0354.wav,318124,ac2d453158be16f84987807c6e2583bb380d20de66a52563700ec00cdc21e0b7
NORMAL/ZCH0355.wav,318124,d1995f9bb74bd10d4d782e32776d6a2bdb1f1fb678e6a68eacec60ae584f5c9b
NORMAL/ZCH0356.wav,318124,c7a2d24c14bbe91857345cca348b02712419743e9f6813773411a35c88ca2d00
NORMAL/ZCH0357.wav,318764,b8e46fa36baf9a62ebfc1e486dfe8dbb46014a9cd501ed82c74ebbad76feb914
NORMAL/ZCH0358.wav,319404,2972229c2f7ede079d382b413ab2cc6cf9674afe334722523b01a31d2b78da90
NORMAL/ZCH0359.wav,319404,d27e530becb40fa3a09e42dae8b208fafc788811b34cfecb3f67c8a90215d7db
NORMAL/ZCH0360.wav,317484,a507821adad1c51440dcbf5538ac2680125e3ce4fed2637170da47f2e5c4ba84
NORMAL/ZCH0361.wav,317484,c4fe2b7e0dfb980094cd8ef582570dedbfd3e4013b13480e92d43d61adefc216
NORMAL/ZCH0362.wav,309804,c84c3b9e2b223288fd29299e75862548e8ec6ce35b8607f6d6186c844c31dd5c
NORMAL/ZCH0363.wav,317484,19aa6edd18e05e503b28fa48babff7122edd527b0913e8a5a5abac5eaa52f1bf
NORMAL/ZCH0364.wav,317484,c53bc81ffd46c279eb6d960c90d9fbfa0a1d0055bbf7369f1ab768895757c38d
NORMAL/ZCH0365.wav,318764,33d6da04a99c10dd9e6c7e0e32ae47bf47e6d2f27a674fd4470a539a96551aed
NORMAL/ZCH0366.wav,315564,50963b87e491e213ba028f0e2abf327721c168d8040c38f30cdedb711da800c1
NORMAL/ZCH0367.wav,317484,5f980d8b5a2980127e361a2776c7b89d5cbf09c2c408acf524434d2aab9fb989
NORMAL/ZCH0368.wav,318124,5b4e17483da2a9dcce1a8200ba65cc811b359fe9d6dff4934ebcce3c86bbe722
NORMAL/ZCH0369.wav,317484,b31e2968d806d4a5fb5d5935f8639528dc0d1c95e15cfebab7219a0cdd819818
NORMAL/ZCH0370.wav,317484,1dda4fa8f0bc90aaaf635902732fd0055852a9098f747b462b3dc81c39a8aad6
NORMAL/ZCH0371.wav,318124,04940d9f8daf674ac39881aa9173444dc8138b17cc0fbbae526d2177d21d0276
NORMAL/ZCH0372.wav,298284,a2b21b9b692f1a165968b46d84afeedba08409ebf83048d1b22724679e178333
NORMAL/ZCH0373.wav,318124,da481c932fba6b371699f7efd6ce9b6e02be10c0d0618b049e3af1528a77133d
NORMAL/ZCH0374.wav,316844,aa7fd07604152d81d713d0057bbaf456bf027fca4a1a16511177d2dae0e16cdd
NORMAL/ZCH0375.wav,514604,51ec830e517f14c1a5c1eddf115a703b0ff9922b8d2ea680cc2c408bf1f9a235
NORMAL/ZCH0376.wav,318124,4c4b546f8e3447f1a142f423fa21e0cd6486d2ff9a40f76765a14d156797c79d
NORMAL/ZCH0377.wav,318124,db85e7a14143185c6cfcc3939a152e7e54ac8223a801efe933eac56f54872476
NORMAL/ZCH0378.wav,318124,0af04c248c204674a95705738dd7da9e5191cdcf207024feb62940f8d0baf1f9
NORMAL/ZCH0379.wav,317484,673df632b0e96e9487a7c55283ff2450e9fbafdec4f8e244b03efce65b2f2d09
NORMAL/ZCH0380.wav,317484,c0631d63e6e94375e5ee251a4800333e73d4d79ad89a6faa53ce91bb91c8a1b5
NORMAL/ZCH0381.wav,319404,6cdd15154ff9d5593f02e672627a30bf08bb789ad0beaa9e11571ae11624589c
NORMAL/ZCH0382.wav,318764,6e3b92e4be8786b46658f3590a9b62b3e83c93a17e180cd045ff83c94d688ecd
NORMAL/ZCH0383.wav,308524,dc118ebc0c1bb72a7ace0d41c10ad24b01f403c9a5836e5212b48669ad5aeac0
NORMAL/ZCH0384.wav,318124,63ff38c815482d5d1061c31b545038a2655b0f961bf22c12e66cdce9eb1db38a
NORMAL/ZCH0385.wav,317484,ee76448294ec5c4bfb54b01a43bdfb7679011c31dfa68b4fa9bd984243eb3cca
NORMAL/ZCH0386.wav,318124,5c71c984400fe6b4838816dc9be236ce5b68dd5085aa350db130d7ed4d40b61c
NORMAL/ZCH0387.wav,318124,5b02bf6aed810a6851f56b4056c03c62464053a3d56c14f12749c154002f718c
NORMAL/ZCH0388.wav,317484,6a392e46a8ee351ac6b03400dfe05890c8afe7aaf6e3a5c6807f83538f072414
NORMAL/ZCH0389.wav,317484,d16b0c2e3c0e2b6702fd17fdc4cd21a570c9aa874a66ac7d9eb0f3e9694de166
NORMAL/ZCH0390.wav,318124,7bec1f8703e70646fd3d01126a7b7d63ff5c53ff2786cba8421e5c8261bab735
NORMAL/ZCH0391.wav,318124,20f9ad05efdaf1e6af48ab07f793745476ab47ae405bea92d7b58dff7d4e7eea
NORMAL/ZCH0392.wav,318124,67c1f2a2d510fcaecac409b0933014306727845bf2890271ba9b46f12e79282e
NORMAL/ZCH0393.wav,318764,26fb5fded7476e602ec4c5bb42de9e2ff6a89cfe714d8595d45943e47fe8e6f3
NORMAL/ZCH0394.wav,318764,b888ed3bb34929364ead9355146cedf30a64cf9db5efff08ca0fd6372b5dd96b
NORMAL/ZCH0395.wav,317484,29158fc17836cfe04aeb583e89ea5635439b73d9ae4519cb639d2c0108cd9270
NORMAL/ZCH0396.wav,316844,492153bd9e4b94f97c2c19f181b7a7ba8398f97fba991bf64eee6afb7770d73b
NORMAL/ZCH0397.wav,317484,87ed4227d54abff0394ea4f813522df334af4394a7bf8801905988e8867dc62b
NORMAL/ZCH0398.wav,318124,597e88d15521e87c52a6520a6bcae44aaca3e05dc2dac7a922887559b9bee154
NORMAL/ZCH0399.wav,317484,d4b85b613d589608de0e497f1b454c43aac5414bdf0a9866235a725dc0654c83
NORMAL/ZCH0400.wav,318764,bff32fffce4fd77ac1b02819e3ed2fe39ded01b38ef3c33ffd3565910aae1b07
NORMAL/ZCH0401.wav,318124,51ec2540646324fa14dc7a880f71f8b0e495ecfb9b26c6b79f3d928e872369f7
NORMAL/ZCH0402.wav,318764,6283c9888a194854b30a8a791e3302d82c12e0f1634033c4d25561729494bf5b
NORMAL/ZCH0403.wav,319404,a3d210dc03d2b282a9106ce083200c107afaca28c5a9dcff2d27d839c112e3e3
NORMAL/ZCH0404.wav,318764,dab8397d944739db648eb2d58640ead00d3903e699ea5c3f1c881f32c2df53e9
NORMAL/ZCH0405.wav,318124,e31c958557b08e9ccd568c821038f25916a4f0fb8d9b60e1860b5d47cc397de6
NORMAL/ZCH0406.wav,319404,f9e4500d8bb5154a62175fdb2b807fa05f770cb1e7655d506edca5b57f9e7a1a
NORMAL/ZCH0407.wav,318764,ca1d324b07aab12d8207157c7d58fa3f60a5f99ae26fb7514a1692657b20a14c
NORMAL/ZCH0408.wav,318124,236c84358364df47dbb885465969242689dc5de60dff3ba94d813ca8c1106a56
NORMAL/ZCH0409.wav,318124,0022b1fd5e4492189dbdc2519be38012956cbe971e01b3ee36e769b2ba3f20c3
NORMAL/ZCH0410.wav,317484,3212217b4a40a679e9e89bd2942295c78af2915ab0ab0388457492cdf904fe82
NORMAL/ZCH0411.wav,318124,0d8168551f42c30cce6989e74de62e438ae9240fea2c69808f0abfc48a38694e
NORMAL/ZCH0412.wav,318124,91b2b21841a4e563f3eb8e81b19978755b79fe68f3665766764f90cb4d810103
NORMAL/ZCH0413.wav,318124,d8eba1ed6174ba7871be2d6ce0b9a47bd5264ea1e757c4b746971e50538d4bcb
NORMAL/ZCH0414.wav,317484,3ede381edac0af616d793c31a8eaa04da400e0183d8fc920da30ff0ebc4d8e90
NORMAL/ZCH0415.wav,313004,33db23a0c7490b0a0702cff98f77d1f0d224921f1a9193067ff3bc2e554c64eb
NORMAL/ZCH0416.wav,317484,d6ac0930d98af548c3fc0c3a47914c7a1e5a5f976078f8ef42a02908be78b541
NORMAL/ZCH0417.wav,318124,1acc2799671154f29435773dadc7db4279acde913cd2d5f29070c28372e2ab68
NORMAL/ZCH0418.wav,318124,d761c98bafc7ac6b7ebf15b0ac30e126708a1321305fcd2184603c3f36f63f72
NORMAL/ZCH0419.wav,317484,be3d54ddd6f96fc73521235c90cffefc9176c81252034d8d160c158a6650ef68
NORMAL/ZCH0420.wav,317484,2544106de8ba2a0178cb99b5fe41a5797a991ed98bbd629a160c18bf9321d68a
NORMAL/ZCH0421.wav,317484,1f3ffeaba253df1f2d2171aa003691eed2bc829b53861f9af9309f470c0e8375
NORMAL/ZCH0422.wav,318124,99c6fde0ad6dec365eca8d527f34bffc022c0e69b7560ea2cb5072807cfdc1cf
NORMAL/ZCH0423.wav,318124,f5b82bd11ba97ca8811e89675d9e06d30ea74dce08f2682ccc6cf90d6cb99c5e
NORMAL/ZCH0424.wav,318124,7306d7536d5003d2fc379b4ab7742e6c77a2504f7856e199e72dfe41cc41f88f
NORMAL/ZCH0425.wav,317484,6a68aeadde8a7f92d51a8966750dbbe8651dfc18fd7ea5937d2656aee4478e98
NORMAL/ZCH0426.wav,318124,0b13f9f4e28aad526e08bd18b896bea18552cecc7c0d2cce65c3212a09b5789e
NORMAL/ZCH0427.wav,318124,14893e87960869b10b1264fd587d62f1d731c9f3208111d7ca536c0fc84dcfca
NORMAL/ZCH0428.wav,317484,dae01eb364e0715a86d9f4289af44a60920aaf6fcec379f138bad5ef09be1c86
NORMAL/ZCH0429.wav,317484,cc3ce295eda11a5f6b705917a28f7201f7c45221148c6cbac7846b3a0d20b757
NORMAL/ZCH0430.wav,318764,a17cc9c5d0b898ddabe4246668c653a2065b72e39470ebc2797d794321454b0b
NORMAL/ZCH0431.wav,318124,9905f55319f22b058eb7678b4d102663536cb9073d1dc227bf2dd18199235370
NORMAL/ZCH0432.wav,318124,9e1c615ca1318cecd5fe3c1216c7102ad02a009a24f5f5807b507fca51a18aed
NORMAL/ZCH0433.wav,318124,896b95c5b8fe5a0f578dd046c3acb1e64580cb0951fd0a33d6e09a49a9d052ea
NORMAL/ZCH0434.wav,318124,2598c5e97d3574b389d57a595e5428092b0977032e119154e763e9194e5dcf28
NORMAL/ZCH0435.wav,318124,d1f1465a1a6776a1d26a25ed768d072a8368425c37d0ee9bb0f8adb2ae57f3fc
NORMAL/ZCH0436.wav,318764,cbe055438df177ed3b7c5b1492cf225bf7737a873612dc8dc0839267aa4b0679
NORMAL/ZCH0437.wav,318124,2b784a79476a7782073e47d9d2151e06ef4f18b1f2e5bd577060aae451521ad3
NORMAL/ZCH0438.wav,317484,7f3ae7c58f070339582d77fe7daab16ae9d29b1bda62271259f128c298b201da
NORMAL/ZCH0439.wav,317484,d093738c1075111cdef3e80d02d3af4d31d8f15a523c0a671f65d4bfcba44ed4
NORMAL/ZCH0440.wav,317484,74eadb1942ca93875aae4f6276865eb92b83251d2fdd4d88b50c4b0323d0394d
NORMAL/ZCH0441.wav,317484,a7e810a560d8074d3db2c9c49afa400582bd8f31e4f7ba2d46d88ba47481568b
NORMAL/ZCH0442.wav,318124,2cb4f6664e064b08a3efbaab8bebbdfa4f57cb262fb2e64d5f49dc6d5ca3e1fc
NORMAL/ZCH0443.wav,318124,5d0db7d47e79e4b9200ce5a601cfe4083037e23cfed6438e4c7119951a693f7d
NORMAL/ZCH0444.wav,318124,45187c5e938d63354bd6fe9f2065b45a76f5573247daf526e56a60b41208dbb7
NORMAL/ZCH0445.wav,318124,652dff1706876ce36cda2f5f20493772b194364bd0697d343bf2d64bc79298b7
NORMAL/ZCH0446.wav,318124,5d36d25e41b911757f12aa6c199571ae748b5ee6b7a2ec05e59bb5a3a3ed8122
NORMAL/ZCH0447.wav,317484,70c715676adf6a730966931e193d2f7703dfcc4168e8f3c42a10f7aa783e3b82
NORMAL/ZCH0448.wav,318124,0a125fe801023c12942739ae1330fb5035b4f27f27c08515adf24bb124f5427a
NORMAL/ZCH0449.wav,318124,e927df66f4fb5b88b19e8a37c8f47076cecbc23318de733874d515875f49fa50
NORMAL/ZCH0450.wav,317484,97823c31302d62bcf0a1f55f1a16e873775e695a212fb17d7fba69f2db7cefe3
NORMAL/ZCH0451.wav,317484,5e705a85177c9978d5dde03ac13fec01e95afaea6df0cae89b17fadb54e3c257
NORMAL/ZCH0452.wav,317484,dfb3fde22984b970bb60227018d39f6afa6a934e134b68e6124951c0768e1869
NORMAL/ZCH0453.wav,318124,63a9cc842da3b82858dd7e401a50026886f6cbf82ec60b0cc4f422658af8a9eb
NORMAL/ZCH0454.wav,318124,f11d0ec98df7997bfbc07d1555df1994f2a04879ff15e53687770d8bd535559c
NORMAL/ZCH0455.wav,317484,1cde576988f6c2dbe6719198900978ccf22b8e8b7e1b876637b2e6f7cdcd7bb1
NORMAL/ZCH0456.wav,318124,eeb461a9390f5f5fa62be2ca436ce0fd2cba53b92c84b22635587d508ef546bd
NORMAL/ZCH0457.wav,318124,c5d60060c795b472100885545a0ce9b60e55838034f95ce774665166b1cd2293
NORMAL/ZCH0458.wav,318124,3aa4028128defea09b357f63d6c3e36113feabf624477eb8ebc263ddcc264084
NORMAL/ZCH0459.wav,317484,f96377bfc5e77447bde6de8f094fe0e5adc504e8b62cc402ca45009aeae78e50
NORMAL/ZCH0460.wav,318124,ac5820505e0381637437e086f3882fd91ded59114f1721870ad5c866b75427ff
NORMAL/ZCH0461.wav,317484,60b01c9a3cb88b5ff2ed37b6f6a0ce015bcacd910988ade4a7037b0138342644
NORMAL/ZCH0462.wav,317484,b90b4bc45ab63ad852e080048ccdb11d63521634a2c27fc2ef1a7c48a6c6cad0
NORMAL/ZCH0463.wav,318764,e622abbaaf795b3c1b8129dd6b290e3fce76be1ff96de43feef0cee3869c812c
NORMAL/ZCH0464.wav,317484,75568e77e499d64a6ab5a3792dff65b94980ba776248f68dc7efadd8c66e7318
NORMAL/ZCH0465.wav,317484,e2982ece4a313e434d783c769d76b0364685a5742e5085a7df8c6f19a89d9d4e
NORMAL/ZCH0466.wav,318124,2361ed6b1e99924e6679af5557cb8d39a6360c685e9272dc203e10b36fc8d9ad
NORMAL/ZCH0467.wav,318124,1ef83f3f8f6aab330aa4614d5aa71caa8fce2cdb312496f3ab5d50057787a55e
NORMAL/ZCH0468.wav,318124,057e75206b64bc3bfd6ad002daa8dbb9077ef743a6b01727d879c28813ec5e03
NORMAL/ZCH0469.wav,317484,28ebb494d7153c3ac42303a97f6e06dac0b062fd8fd57efb229c772d5dd2ad22
NORMAL/ZCH0470.wav,317484,5708a85cd88b1d833f9119dd6b48190edf7ec12e138ed6adb92b7bd9359e87b1
NORMAL/ZCH0471.wav,318124,904caff7fde240143c1c5817539b243177fa3c3f3c81a30f3d31fd811be367ad
NORMAL/ZCH0472.wav,318124,b39ee392089cc6363899ef48b2fe75f33b8cb43f26bfa8fbdd96570c99ec88d5
NORMAL/ZCH0473.wav,318124,e8ce7e992821b1ee2774e257c1a15e74894b49f884a6ad58c101bdef3febc39f
NORMAL/ZCH0474.wav,318124,8b0148144a539c82fda79fbb1cde49607de61be716bfbbb4059106d459ad5f62
NORMAL/ZCH0475.wav,317484,e53f9fdb7c870ac43f9e10060eed83db47c41fd70f1dd23e050bcfdc22ee75ea
NORMAL/ZCH0476.wav,317484,1c3142ebae661a2073f25085b58d28918b3f47dc6308123451a830790d40d11f
NORMAL/ZCH0477.wav,317484,6ebc20ddd1ecf99be712607e3733285d3fc6e7bda17807ccf4746da750e6dcf8
NORMAL/ZCH0478.wav,317484,9492744786e74988cea4d96e28b4c40c1c7ac916b7f1e458f7c43060293a352f
NORMAL/ZCH0479.wav,317484,f76d36a20f753aa27bdd1a9b0f874594acc19bbf29fa121676eaf7ddd91cbebd
NORMAL/ZCH0480.wav,317484,34add223797e119473d66354930ee15b155a564c9c5d4f2c2a4b6ce36197eeee
NORMAL/ZCH0481.wav,318124,dd98de8fb6e610be0b184322818b15e8802ce1db0ba8f6b4d10cc3f6d9bfa6c4
NORMAL/ZCH0482.wav,318124,4df62fd8d386dd45497e93fe9cfdfe7df61bfc175752341679e07c8ded5fec04
NORMAL/ZCH0483.wav,318124,1fc5bdd2e8bd95b50099d2b34fa2628be5092936331ee7dd638be1bccb6fc3b9
NORMAL/ZCH0484.wav,317484,8097f9933a760989ddb12f4122d503c1644c3539dce10dc39b0e0cfc8c589825
NORMAL/ZCH0485.wav,317484,d01a3a7a442120a3306169275cb73b97194d12870ed981a33fd2ceb40f08b8b7
NORMAL/ZCH0486.wav,317484,6eecb86a07119eea045b520ab0c602c0f0389ec3286a8591097cfd943e9cb981
NORMAL/ZCH0487.wav,318124,e90ef67872e7aec1b53fb14f6cd85e889cf63575bb7c81d0cc56ca58c77fd482
NORMAL/ZCH0488.wav,317484,336473ffa99af15a3e8aee8310870a04bc877b4636c12d47d94ba8cbb8f705ba
NORMAL/ZCH0489.wav,317484,a5ded8d8ad4deeac0db4a580c02d90d2fdb6e671f3fbe78b1d82e9c5c11e6c4f
NORMAL/ZCH0490.wav,318124,496f74ebddbc3d8e6bf357cea7dc72d9d3c4ca4af762feaaf9721a9f0cd413fd
NORMAL/ZCH0491.wav,317484,c0c12b8e0ab452637d8dcb08c8eb0fa72d09f8c76119c0ceb35c16e200a27b27
NORMAL/ZCH0492.wav,318764,6fb3f13c90c83e11b96e9a48037388a88cd5275614ba466bdc03b45fafdc65c6
NORMAL/ZCH0493.wav,318124,0646a7cff56feac748dce554da95731e1309d002cb073cb0643ffebe322083c2
NORMAL/ZCH0494.wav,318124,7450280781deac63c89b00f9afcb98c507b76533be6003c397eca218ae60551d
NORMAL/ZCH0495.wav,318124,46421857fcf381a4778136ce69a87ab88b8db891ec141db541111b1850786575
NORMAL/ZCH0496.wav,318124,f51ea51888d4463c280178373886971558423d9016ff2554b09ed343b0e6ce9c
NORMAL/ZCH0497.wav,318124,875c025d9fff9263bae2b7baa6059c716186ff2420923f7a35d57507072591f5
NORMAL/ZCH0498.wav,317484,9eef414413b2ed3bd38db86878b296ae9e96ee11167f5b4da6a21594330f89b0
NORMAL/ZCH0499.wav,318124,675e5c896a3eab4239e3fa0a228b79323881824660754d6b2da929b70485f3fd
NORMAL/ZCH0500.wav,318124,3148fd9566c9d586291459928a63626822f82f90e0dd35628d82450ce72a46ad
NORMAL/ZCH0501.wav,318124,79b25f0fdc0403c02c82cafe83c62935d3367e4304113a9b192c7f14798a8f69
NORMAL/ZCH0502.wav,318124,b0e36a8c602e0745cdc3366afa6fb0adb27979b47b44ce2349f527096796679a
NORMAL/ZCH0503.wav,318124,b0bd5c3175ba2cb680d5c70790b452f08782a8bd77055950dbc7703bbbf6d5cc
NORMAL/ZCH0504.wav,318124,c302a592af3b1f81d0eff06ec752de750133a86aed414e0f7200b2034722bb52
NORMAL/ZCH0505.wav,318124,086f1aee8c6cf01de1ee25ea432803b1266863e90f004a15e9605b28ca10efa2
NORMAL/ZCH0506.wav,318764,7efc3cce103229c6978219e215de16edb20fc15d4234e5c58d93cc5269c312ca
NORMAL/ZCH0507.wav,317484,1dbc46391d0f1d50ddd90e4dc5b424af832131ac88395f787f1319df6fae4b2c
NORMAL/ZCH0508.wav,317484,c1f103e5d478c67ede7c2cd92b890b3418cd4f03c0e20c3b4de35f9677336bc6
NORMAL/ZCH0509.wav,318124,14396716edc05be51914235a963f6ef483a678b396612fcc6e3d2fbe80f6f9dd
NORMAL/ZCH0510.wav,318764,8b1afd16b7a6b8ca4184c37953b3f8f40da27902d6566b286cdc08ee05745164
NORMAL/ZCH0511.wav,318124,796499659e55fca3ca189706e7d3e264f3e630e21def560c0285b43441445056
NORMAL/ZCH0512.wav,318124,a215fa5d561453f000d8019f2fcf1879abd2f2535d7b76e7bd7e3c5cfe2489f3
NORMAL/ZCH0513.wav,317484,2eff08ba573f69d109c161d6f28586f5337e1426e52f38555908212c688c87fb
NORMAL/ZCH0514.wav,317484,d34e2911652a7f91f234f770de5883554125802a8518f287a965825ebf84191b
NORMAL/ZCH0515.wav,317484,e2982ece4a313e434d783c769d76b0364685a5742e5085a7df8c6f19a89d9d4e
NORMAL/ZCH0516.wav,317484,b413bd4b6bcb089eb69a9cfd79a47f7cb0cdd1e4ec51ed575b101c03eb7a3584
NORMAL/ZCH0517.wav,318124,0f0216f64f8066e60be9529c76cec7d65d9e12b094d50dab7980addca3ccda5e
NORMAL/ZCH0518.wav,318124,b75e0abb8468f297ca5375ca5410576dea6fba6db152aca899af94ba93132f6b
NORMAL/ZCH0519.wav,318124,bcc2c52bccce8929eebf18db654b83500d246070f73eebfba012c29e599b72d4
NORMAL/ZCH0520.wav,318124,43c167a7f3d64807da2b468686c33e8eeb0af5f08266cb1e148f748ad302f9e7
NORMAL/ZCH0521.wav,318764,cddf014caa4ecdd33134a5169cd8b2555a8cbf3206cdfb07b2b1f7a64ca57ad0
NORMAL/ZCH0522.wav,318764,f8a35b9a4b7bbf714a0b34319b66696e99c9a79687d17c241b58b4551d0a14c6
NORMAL/ZCH0523.wav,318124,7b50de0cc235ad11b29d461edc2e92b5ef0a3890f643b1f4dead212922bda9b8
NORMAL/ZCH0524.wav,318764,5fc089b54c7e7d49352f2d18eb59fe3e9319261a1690e8c3df695106d454c22e
NORMAL/ZCH0525.wav,295724,9158a4bfc84477086aed955ba59390eb4ce23d727fa308adcbaede784d828944
NORMAL/ZCH0526.wav,319404,783b75fa326bf06d2c294f865432c4369e84f2ebeb916130d87ce91b849772be
NORMAL/ZCH0527.wav,318124,bc8cd4dac523ee16383d250031e065620665971098c1a52955c5044821c4a173
NORMAL/ZCH0528.wav,317484,0a494358f35d2dfd64ecd1f2537dceb4c032b09a7f068b8d8f60581b3b03bdd9
NORMAL/ZCH0529.wav,499244,811fc8581933fc55b078b3f49d6fae3e93d62ee51b2ca467db72c3e67da9ade4
NORMAL/ZCH0530.wav,318124,ec15ede69017575e0e639cacf428ce57b5948ccf6e476a889af941e188e9be88
NORMAL/ZCH0531.wav,318764,5fceaafc59e11ecf929a8aff5c95d24b3d0802d11776f4aeb1df4e0d4a9b272d
NORMAL/ZCH0532.wav,318124,e1ba271e97eaac55bccf21f053b3b633f79fb3a126523f902a536b37900614a0
NORMAL/ZCH0533.wav,318124,81e92f782598cf42114c2c6f8fd53f8b46c93168305d74667a68d53c7216ee21
PDA/ZCH0653.wav,318124,8e02f1f5b916bca5f30447b12defece741c8a2e29eeaaa6f2a0ccfb6459260eb
PDA/ZCH0654.wav,324524,588ce42c5147e496554f5d54a835abe413253753f200dde69f60715ae921ed96
PDA/ZCH0655.wav,318124,21c1b2d8f0ef42327c096895813eef55992646cf7912f01e00300c8346053c6c
PDA/ZCH0656.wav,318764,69a4403ca9be834155bcf7356992006608a37e1527df7b57d589475c3b27a821
PDA/ZCH0657.wav,326442,f89f87ea2a1566b8f0eed1e1474f585afdc69275247bd23dd964beb13a3df5bc
PDA/ZCH0658.wav,327310,a9b12a66c20c520a93a87a7c2f472652e5a37592c731f76fab4c40e42510ce6a
PDA/ZCH0659.wav,318124,8d8a6554b06b375c2e121b9da001672642750c2851d1254f17752a30dddf5ace
PDA/ZCH0660.wav,317484,3c54f400950cc86f7ccc7dfb16e5cde3001622c6a58cd407f6a7748357453182
PDA/ZCH0661.wav,318764,6cd6287fd5efceb6674787f546eb83c239bcbc1874d399cd0e72af805ad3655e
PDA/ZCH0662.wav,317484,3263296299c4349fdd0520fd7523f0d103b926bfbf1fddc6c583b9142d8e9288
PDA/ZCH0663.wav,318124,5bf935c971caa7ae03e9a8d74637f08385c2bb1117a8f1383a32b609d1ac28c5
PDA/ZCH0664.wav,317484,b757f3fc0f59b0d04b9005305ddad04cafd5eb31433d83f0b428e088d69c7a18
PDA/ZCH0665.wav,326568,366bdf04f513cbcfa0c739809a21739c86eba9950f8f343b2cd5b02fc443711b
PDA/ZCH0666.wav,318124,3587e8daa6d0586855e7751470e761c47135bf3748b73431ad41f73333d382d3
PDA/ZCH0667.wav,326568,07ede4d47ee69311338ff52efa3509955f288f34b02ae89dd00443e6e28aaeba
PDA/ZCH0668.wav,317484,b634d8ef7a306eeb5dd74e751de5d79c1540624298608d330c419d810f98efe3
PDA/ZCH0669.wav,317484,8d1e06b642b05ac7ae5db498ec7f9b78a461c344101cc0332523688ed566ebb2
PDA/ZCH0670.wav,317484,1ca56d110baea4c2790457b86f5f6509fdfc4a1a251fa2af8ef35646a7edc926
PDA/ZCH0671.wav,326568,aaac721f1316b65856bda359fcb7bf8b6f17a70d94db390a4a129bdf3858ab67
PDA/ZCH0672.wav,326568,6d1c6bd502dd9ccc12728671678929d00bf622f83692fd86f0291f4700c7cedf
PDA/ZCH0673.wav,318124,7c1e0ca9042a7bd1341f6f47930693446134e6fd03b17e1921994df5cf8e313c
PDA/ZCH0674.wav,318124,d1308fb19266d18dae85b006602c0eeb1e4dcfdc10836fb5708c36e53909bd12
PDA/ZCH0675.wav,317484,493fbf0c73717bbe783d430a24ac04be21bb668fd9f1e99ede1d4fbe702af676
PDA/ZCH0676.wav,318764,6ff61fd9008e92d66309e30f8370769ccfbd378c8ca2bdd48f1419a8039f82f2
PDA/ZCH0677.wav,320044,9b4924365a43335f0667b2f98fd5ffdeacccca87340de6d9edd9f69a33ef4fe1
PDA/ZCH0678.wav,317484,b3cfcc082b84969713b33a7b5fb07750315ff6694a0fc6d8e35d26ff6352bc60
PDA/ZCH0679.wav,318124,cdf9f3e2c79e18e2ae8fb0d4c99cdc1a2ba0cb7a852d58ffb386ac4143111810
PDA/ZCH0680.wav,320044,e5fcabd21bdc1deab898f0ea96ca0cd61163009cb433d13ddf16953f49f5464f
PDA/ZCH0681.wav,318124,8e8534633515dcf3c17a7c3420cf056fb9678e07e93222c68823e357b8b721b5
PDA/ZCH0682.wav,323244,a037f3790bef60c8fb915a9d78c6791e7638b891fed1d0498a4979811ba08e09
PDA/ZCH0683.wav,318124,4aeb3112b38213abc1d7f1f910e6a375149675c24b74ba2f478a7db75c51c691
PDA/ZCH0684.wav,318124,de7baa7ebdf22e883191730d7fa7d7b41c20f2730f032e3f74659ff41f9482de
PFO/ZCH0685.wav,317484,120bad52be57593c52cbb845fb075049c1d5da623b42c4903e3073d263fab52d
PFO/ZCH0686.wav,430124,7ad943f21b9f140f17056d18602018ae2a259305556ca0451f03fce90b979136
PFO/ZCH0687.wav,318124,63fce78a2381e352a7c652436e3392f5a3cf931867d598c7edd622c048b48c70
PFO/ZCH0688.wav,318764,e1749f376e39bbc143bd162a7aeee04d6541c8557b284ee44c6377c1ecc208a4
PFO/ZCH0689.wav,318124,ca5208c8c73badca9a2d1f4b11088c07688dbfe1c932dff70547a43837bbf912
PFO/ZCH0690.wav,318124,58f091129edf7160ce44cf9a4badad7e07e93a5aae003e56bc59e39864040504
PFO/ZCH0691.wav,317484,60f6ecf3a9611681e1dafbef1bbfbc59c3207f52c7feeda78e3071c1a8e01c35
PFO/ZCH0692.wav,317484,67b8162d205a6c4a21121b7d807785af0b1c467479cdd261002dc780fcbb6610
PFO/ZCH0693.wav,318124,30ab3b07b289e745784ffc69ce13d493ae24a5b37cb5f8f6627c7669c2392d64
PFO/ZCH0694.wav,318124,bfb87f7f85797e10581fa3f5628c7bb8dabf0fdd1d8a1274ec1f44473e8d9497
PFO/ZCH0695.wav,319404,4fbb9632a358542f2fbbf7d7311a635f14df11edb239683c71b36a9d2ed4a24c
PFO/ZCH0696.wav,319404,65e61083dd1d9f21131fd20ab012b0c0d34b71a9282fb5f64924180bdbaa3937
PFO/ZCH0697.wav,326940,cf6ffa0be6087d332eef41b6f0140fea0f3822b6225f845cb6e1809a112a0be4
PFO/ZCH0698.wav,318124,49347cc8617be11584ae9dc1e93559043f61d79c5cd79de5716749582c46bb93
PFO/ZCH0699.wav,317484,1f036b0fb2fa6412c7580fb8e20ef19ce4e7e9a9a31d53e114040ae87d688874
PFO/ZCH0700.wav,317484,f9dc686916d4b85de20494448c8bb8239ecae92133041c3e7d623f78a365d70f
PFO/ZCH0701.wav,318124,4a2fea36e693f9f3934789847aaf9f7db72655be3467d623a66fd213e65e00cd
PFO/ZCH0702.wav,317484,6c548595d250c63f85e305b7786b6484c32b4cc48f5e91ab0177f63dac279b14
PFO/ZCH0703.wav,318124,7c7b80e4b13c30c25f91d1cee84b66c36f9fc8fa565674343095fef74609e89d
PFO/ZCH0704.wav,326196,546b3bd6b29de9da2c1ee4f7219184fde96e954a71e18f2ee633278ace0efda5
PFO/ZCH0705.wav,317484,b5a8b1b3e39403809d6cc9b64e88f885662cb85ce3939e149f8a52346713f13e
PFO/ZCH0706.wav,317484,582c8ba910a76d74653b3fe2aa221bc727e136f47dfddff3b3d9b27b46172359
PFO/ZCH0707.wav,326568,f8b4331477543c80aebdda0a597f37cd20d44c1c34dc3e3514fe368792190d50
PFO/ZCH0708.wav,317484,0fedd1f32d9928532dcd2df829e0b135372e03521eb49586bbcdffcbb4566fa6
PFO/ZCH0709.wav,326568,698a087e380ceb568802a669ada9251756656488d4b292eee4102ef0b21af325
PFO/ZCH0710.wav,329912,7f0b5a8e847725147a109c92ef0d55a9ffd96a64c7decaf3145553492a071f27
PFO/ZCH0711.wav,318124,15d2177e21d6ee95d250bc14a48b28c6e09d5e54ccbdbd95341f5cae7f0a5ac5
PFO/ZCH0712.wav,318124,b92f770ef90dd859c5abefb53e018636edd16fc6635b1bd7cc88a883ff1c08d0
PFO/ZCH0713.wav,317484,1d96b3df2dc93ae9b3d8749d305252b0482d9fcb62874577c7cefd08b182e895
PFO/ZCH0714.wav,328426,bd79fbc8fb410af881ac73fc503b105897cc8d6b02aec6362a31bc610e922244
PFO/ZCH0715.wav,318124,f7483c8a879290d08b8b2530161d5a3841df4e8f1acc22c80d16b2eb555727ab
PFO/ZCH0716.wav,317484,700cecd17888a888808b55fc0e7ebad04eed252bcf8aee21a69b182e310f1e30
PFO/ZCH0717.wav,318764,29490af2e015db6dbcf484fad96c77dad467a1d8e3c85079ad2c11ee25f3e4b4
PFO/ZCH0718.wav,317484,f8ec7f9f780f76778375762af625178d8fbd8d7b12147f2aaaf6ed6fa1eff5b7
PFO/ZCH0719.wav,319404,31a7dfc7ddd1a5e44dad86021c594025c6f53a276b745ef7865d06a9486ea628
PFO/ZCH0720.wav,318764,8e814f88692c1ab9a4934d79676ad8142809be0357157a5c6020860f380161f8
PFO/ZCH0721.wav,326568,068c6a44b1628c292683a7a77bc696c062e80a64f181304726d7f5ff7b9709c0
PFO/ZCH0722.wav,318764,d72250dd1a2942353d39c34ea7bdf79e0dfed0d95d468d7a79efe3c0f6201e93
PFO/ZCH0723.wav,317484,ed57a9549cdb6eea3547733ed69daa30bec3008fb8f323fe87df02f6710f1bae
PFO/ZCH0724.wav,317484,f8406e97f87fb907515220747512689408c6a0dc49f9b4b5cb0d6b36e4597c41
PFO/ZCH0725.wav,317484,cf9df92f14f77942a513768d8cc1ba42db52127ead848d8c54ccfe9c994651b9
PFO/ZCH0726.wav,319404,5772c8259f6dc785be8a5557a97e9bd252c1d9f066d5dbeab94808a6c2db55ab
PFO/ZCH0727.wav,326568,2b9f04edea5e8476bf11106f063c522fa60bef30d706612b794efaffdff1eb8f
PFO/ZCH0728.wav,317484,487ac1f4e2a1066a9c1f5699eefa1160edae66891fdd5b951fc7ae8bc6177cc1
PFO/ZCH0729.wav,317484,209a27800e7dcb17e8b3fd6ecebe8168bad37dd3dc1e16ba4b407b8d9a4f9889
PFO/ZCH0730.wav,317484,01d991b52b40a06e5e78541c70dd9288fede3325f1d6ffc0ba315ca2b1cafe54
PFO/ZCH0731.wav,317484,b6fb9163f95b4172b5f317bd10ae60ca23ecf29415eab8f2764ef15457ba8f04
PFO/ZCH0732.wav,318124,8d0fb5892eb7988c7e436b1ceedd4eb2ac76e01fe75a9b344bbc7f393bb7f875
PFO/ZCH0733.wav,317484,e39fdf3a75a8ab5554925b243dd14fa81e49bf263b6c66738cee8cc971227ce5
PFO/ZCH0734.wav,317484,af5aadb23320a9839bf0f721beb67d9c9be21fa3133d544ed6f5136a727d6db9
PFO/ZCH0735.wav,317484,d6a7851731ddc68a37425f8af1b74b22312463ee228c711a3a2e8ad115b94b2a
PFO/ZCH0736.wav,316844,889b66ea0065449b68f7747bdecd6e8ad8ba109f324941b164936127a9197c4f
PFO/ZCH0737.wav,316844,4b30b876fe10b3a27db6a78f1ec9ca688a80c18dd5343cf30aa131e37dfad296
PFO/ZCH0738.wav,316844,2aa5523ffadfc8bc87b06629d9e727531286e4bd2ad62c510e5a1d18fe30ca12
PFO/ZCH0739.wav,316844,ec8037416a3476c723b11f35c13f5416a1bde92d1c960729ae041ca33d1b8e90
PFO/ZCH0740.wav,317484,25978163148ad0404afcd961faf60c61a4a7f68f1d89eb4a92c680850b032cb5
PFO/ZCH0741.wav,328426,7c7aad9e2980c82573cab3d4e4d5e4c500d11cc95bfa4c5f5b69246aa7ed9ed6
PFO/ZCH0742.wav,317484,f94ad239879acf67738fda9f056da9bdb61c2dce5ec1dd083fc79ef645e91a92
PFO/ZCH0743.wav,317484,23354fbbaa03162ddf2659f4db61025d28ea0eb199eff03fadcdf326db910017
PFO/ZCH0744.wav,317484,5f2ca19041602a264eb139b459e6bd4923a78c2ac1f21540ea5e257f7865fb58
PFO/ZCH0745.wav,318124,680dd4fa28dfe4cf011a23599304a655b0e272db9817950f048a4631c30c9bf3
PFO/ZCH0746.wav,317484,a989af1d190cde12963cd0eaf2f2046fdf88cf05fef5da8d7f857738369bb2e8
PFO/ZCH0747.wav,317484,0ee8ad4030ffe29607a59e1fedae08058a49e8fbf9cffbf23f8c8e9b592d2f8e
PFO/ZCH0748.wav,317484,f6eb083e4f77ab68b389c42cf897647c63143f322c9d38e29e73e3f28cf36a02
PFO/ZCH0749.wav,317484,bf2995ff1d97706fbb2a641fb3f9c5a649cff439107e446bfe99b7e81c696d94
PFO/ZCH0750.wav,317484,939c129ee2d616804d15d4db161cbd695fd451b9b5297a68a27ebcaba59412f1
PFO/ZCH0751.wav,317484,52845de9cbb59e688943826709b1768787f1d3aca66c1928a57b4c20707b6a13
PFO/ZCH0752.wav,317484,94007332fb59b1a66ccc9fc4a80b645bd49b45a05c29f504b4c9242c184f5758
PFO/ZCH0753.wav,317484,bc9b675b01d171a4cd6a2bf1c2ee7ca974547fabb1358275c3af27a767637034
PFO/ZCH0754.wav,318124,a6f28f99b53c697bdfc019f83da1bcc82cc07ab5955df5c1d4fe0e3803ee2945
VSD/ZCH0755.wav,326568,79743a7cf0d62596eb74955c3191ee3cc272716fde445c748a01d7e431b8e6af
VSD/ZCH0756.wav,318764,69e31277f1b0f594a8b08103307f1d3aa69cd2762317592391751040960759d9
VSD/ZCH0757.wav,317484,1255a31c6a4bb3cfe9934d24c1c057bd2186d78f3eeefd431ef7bb300d5a013d
VSD/ZCH0758.wav,317484,56ac92b17719ab9a527ce570276d048569bd7c7c90d5b79b05bc17ad72f9eb83
VSD/ZCH0759.wav,317484,d522079409328a62a2d9b9eef5a11b7a0fc4225b10ed94820ab5f34e192bb076
VSD/ZCH0760.wav,317484,720d9b8fc1494dc105cafaf0a82adeef3c753b1a903c3f61bdd918e176bc7585
VSD/ZCH0761.wav,318124,7b966f54f9b60049afd2c64653a70bc8e4e517601bb90a139cd8e393cf01f627
VSD/ZCH0762.wav,317484,b92d39bd716454cda35eae89ceb64ab3298de94f3c7a846a1c88ac90257797af
VSD/ZCH0763.wav,317484,3a9db8e8d70cf89aa2ae5e753521bb29e45413c10b54e40cb08badfc179edacf
VSD/ZCH0764.wav,318124,50e4c82ed4a8ff6587ac0102e1799e9caacf704c037d4436a6e6cebadb4d1481
VSD/ZCH0765.wav,318124,21bc63005bf63940362c6a8c906ee1fb30e33283d211cce2abd134a25c894a74
VSD/ZCH0766.wav,319404,d82a744b553489f9ffbb60f1a60d64bf1d511cf0f5c5cf06a4fa35f00d2e6e06
VSD/ZCH0767.wav,318764,97e0b6272d11251f8d0b8b414c3c4992bc5ff79fe209e87ae6ad085f235d57e1
VSD/ZCH0768.wav,327310,adaaf7c0bf7a722b52771afe0c65ebe87ca6a4aabc413d7fa15156b0840c5610
VSD/ZCH0769.wav,317484,aa7d84e5968134a54428e7b7a18af9351df4eb19ab420833e164add78f895a19
VSD/ZCH0770.wav,317484,94200fefb293a46f0ec35dec8e23546ad80ac284803284b544627319393043f8
VSD/ZCH0771.wav,317484,57f5368a6e7d953c684f81d5879309f94a250c5fdc732c956a2cb0365dcd3415
VSD/ZCH0772.wav,318124,21cac264f55d10fd2e1699e6dc3287cbfc0b47ac2f8c11a51322bc4914a1f104
VSD/ZCH0773.wav,317484,910db80d26eb4692d0428937af654ef400425997df081f2af72d6184d942760a
VSD/ZCH0774.wav,317484,128506b259f62235bc7acb2053e562c0fa59a5d5ab7418365b6b2063ed7ab9d9
VSD/ZCH0775.wav,326568,0e7194df76ca338dcda1c8c71622659155bee8cb1c5cb2bdd2a4b65ef819c9bf
VSD/ZCH0776.wav,317484,f7cdc7a9cf36d938c4ec3dbb0ab76c93b3def9ada18d154c38d8e7f9e42567ae
VSD/ZCH0777.wav,319404,dc8b7f0a50ebd6998470e7af19c19cb1358843cf7e240565d4adadc6d2e6aa5b
VSD/ZCH0778.wav,317484,e3e59b7d6d56ce138a75584965fd0c70fb40515600755cf2abb39cbc00e5ef17
VSD/ZCH0779.wav,318124,a3913a28145a2987f55819958bc499881f1165d1468739811a704e30d603b90b
VSD/ZCH0780.wav,317484,907b310bd33965b5f883c471345575da6eda815bf61c839f14e40a367019c9e9
VSD/ZCH0781.wav,316844,e98f922aad093800e8adc0521ced7cca9f6aada61f3569989712337ee8aefe8b
VSD/ZCH0782.wav,532524,8faed15a78a4de194f623dd68674f261cebb375a810eeb24e381735c0c8b1a85
VSD/ZCH0783.wav,317484,016fda51dc93a0420960ad0c12f54ea2c4de32510a8a680878d569b17224d92a
VSD/ZCH0784.wav,318124,a703f5b902e806969784a0fa33165b3a23fb412da54d5464a11581663e11b6cd
VSD/ZCH0785.wav,318124,dbc81c1fac0dadd59c9577235aec6eb55200c8612dc68f03b7befdd651db02df
VSD/ZCH0786.wav,317484,241b044cd0bacb623a6b837f8256ed47324210eac2a0fa59d08f0007ba7bd86d
VSD/ZCH0787.wav,317484,6774ea373b18828e397a084d9c348e545f89353d60aee3e7dec8fc3aced3d6d9
VSD/ZCH0788.wav,317484,cbb58a469acb0b764c80ccb74e178927dfce9700fa5148894f6fb1cb4ba91e9b
VSD/ZCH0789.wav,317484,84d5c8c50bb862d1fbf313a655785d8823e7dd2c12000e815d6bfa76381da4b7
VSD/ZCH0790.wav,317484,30629b51fb2e9f7ddc73d18daa44dd9d55a610582ae428ca072c6b4bb07f5283
VSD/ZCH0791.wav,317484,9ccf42f8e8ffb3736a256c6d27ea53ae3691e31738f69689d637dcc2a60f82fd
VSD/ZCH0792.wav,317484,37b81b832cd3081a904a712c4f3cf73c46bcbb12acb3af0beb43b26329122ed2
VSD/ZCH0793.wav,318764,31d798168a878e25eb0598ea3050fd8fb0668ec4102fd8870076a2dd5f1abdbb
VSD/ZCH0794.wav,317484,acb0cb4f3a3776ccfd097c79fe924435dcacd30eed8df92200a93841bf53e452
VSD/ZCH0795.wav,317484,569b855e11d47af65a77d455f530b3d68818f6182f5a901ab9bff304dd7f9d1e
VSD/ZCH0796.wav,318124,bd47c07dadc240ee8029b8f3f5626e3285d74169d738ec967f31c3e0c8cf8de2
VSD/ZCH0797.wav,317484,a68491251326361079482641d40bdac3d0f4f9aba848fa0b72a7f436aefd8407
VSD/ZCH0798.wav,317484,7fd25af8650befbc140eeca1c6344c0f16742d7ecb8d557ff8d8dcdb39fb6a7c
VSD/ZCH0799.wav,318124,0a46661d40527cce56fd80587e6fa27acee2bceabc052c05ce976e398413221c
VSD/ZCH0800.wav,326568,14d8dfb0ba4293d2f78ac993fc33982dfc60b06b126eb9e30659da2548afebd8
VSD/ZCH0801.wav,326568,092f9d897c919e5582822d0da4d41d4384b686d917833c86911c6cd652875d0c
VSD/ZCH0802.wav,319404,343d1c65e528c58e88e3b552d095482af032edabe96107a15d5d8535a8af05a1
VSD/ZCH0803.wav,326568,0a5b0060af97d3860051639ddf61bf2cf6887582c7196e516f25b2bfe59e3f09
VSD/ZCH0804.wav,318764,f692a574a84076272f3d2cca4ad1ec101dc1ad05ca73a49a332ad1f06e633796
VSD/ZCH0805.wav,326568,ce747437f80957e1a7a7c3ef0caf85043cff1a6b89da8025e77d1e2fe6aedfa1
VSD/ZCH0806.wav,326568,4b8a8cb4c528179ce6fb1376ebe4b79b08f43fc2ee2c865c69ad93a833ddcd7d
VSD/ZCH0807.wav,326568,2a76d90a598cf99c852de7979c79b6de791477821937ff9a3615edc616251331
VSD/ZCH0808.wav,327310,2151af8348095e5e80868b6db3ac2829fb1240fbed998db77adcdfc4fa46adac
VSD/ZCH0809.wav,326940,31a19d92792686bc63417232d08766bf9c6c700c3c4f90aa7de6f479149dc0d7
VSD/ZCH0810.wav,326568,35038d67d72f286c8d03a29ce15dd702b7ec295ff103c03d8aedf41ee279fe38
VSD/ZCH0811.wav,318764,738e8f9f4bfe6acf623b80bc3c200ab35ee5e4350cbb9d1099e8b78b95ac2fed
VSD/ZCH0812.wav,316844,419b61497bc945849b32b47d856241bf2368080987ab55c7a439d82ffefd6321
VSD/ZCH0813.wav,317484,37d02b4fc5daac3f70a27ed362c69dd20ee615a4904516108b2ad7005875fdf6
VSD/ZCH0814.wav,318124,90320d738d110bfe163b5150c930cbd17b337bb6f66df859f959d4ce416a3d1a
VSD/ZCH0815.wav,326940,c81f8de14f75aa9d71b67a5b65c341706dc5bbf22bf7bb0248f1eaa9e4837c8f
VSD/ZCH0816.wav,316844,d03e8c34d8e95347f85521176e8a143d6c5cb6dde09d7fa1c257f39f12759b8c
VSD/ZCH0817.wav,317484,3ca28fbfbe2b9508f0609b575d18e023ed55620d58c5c412d5266f81d878052a
VSD/ZCH0818.wav,317484,b81ab9161e8ce3325f0dd2175073df047422e7653ff0aada133ed3bf5dbd5b41
VSD/ZCH0819.wav,317484,e9a477cadc85ba53a83dc644ca315801edadad7e15724ffd1bd5d21e1e5f88b9
VSD/ZCH0820.wav,328364,14c8e0afd6214b56bd512fa0f38898c8ca3e4f4d6c1b80a8d46454b7ccd5be82
VSD/ZCH0821.wav,318124,874848d2eae9682258bea8fac6fcc405d0f697825e124e02c4d27a42e07b5086
VSD/ZCH0822.wav,319404,da2b0e25c7a0a422b9a8b727ad5ba602635e2c985a9ec829204405a24de912c8
VSD/ZCH0823.wav,317484,143120a2fca5b8771826a5a609e399cdadbea3d386bb6f5bd2c12ba5fc572b00
VSD/ZCH0824.wav,311724,fbab50254222b2c79a4843c434ff855205b795c90c89c8f1fd353b9ff31eea56
VSD/ZCH0825.wav,318124,b08c88b2f2569b28ebee753a84af7f8bb7895a04b6737da5e2c181a27881f454
VSD/ZCH0826.wav,317484,874495b29b3030a03ccc32e95c43a679b15be8fdebd8b4ce8760e9d658391687
VSD/ZCH0827.wav,314924,a944ce89d6ed7fc364aa87315edb648c3b2abaff5d4727b4fab47bcca535e398
VSD/ZCH0828.wav,318124,1f97ac49a936e57e18b9ca1f1084e6be872603e6ee6731386801485416afe656
VSD/ZCH0829.wav,318124,c43f6298ae0582f46765bb10bf1b047714ab5fa99570bb8d46f7ffb0e260a016
VSD/ZCH0830.wav,317484,cbb3e693c5eacdde2e207ab43d84f8dd395c549b5ffdbb6cbd0903f29b39a078
VSD/ZCH0831.wav,318764,c27235e9a6eb4664ad059fcc7da5c80c747c00db6723ea53463913cb34d5caf9
VSD/ZCH0832.wav,318764,a93907175446a8e7a4febc22cfa5107524cb39d3248e9cded2cc8a7527235819
VSD/ZCH0833.wav,318124,f5e28ab90371e0ae5338959e43e9928e5cf95883e618e0a4588e817515909082
VSD/ZCH0834.wav,318124,b0bca0490b12195d500674031eb2cd508090c19da7a1e40046452e7af32c4003
VSD/ZCH0835.wav,318764,d4b99e206bd0a720998be8e8f56d6ae80cb9b9f6f58a3ccc41dffd059eb4e91c
VSD/ZCH0836.wav,318764,0050ee9a1569042280e4dbd0e8c972d4159d8088cbb4da74c306b9dfad9a5af5
VSD/ZCH0837.wav,318764,28380687bdd978562ca9f54a041ce5c74a217dfd34611b1bef7ad48a4c064e59
VSD/ZCH0838.wav,326568,5fae647812ba2e7692f859006265568ca9070031ad88b54d6fbb36aaac5642bd
VSD/ZCH0839.wav,326568,c427510b9d4962cb47d0530bc065de7b8ee8717a4c17e744fb0d35aaf537cffd
VSD/ZCH0840.wav,326568,29a7101b59d528d5ccd239ea5db39aa06eab0a54ada2f146ca0a589b717ccf58
VSD/ZCH0841.wav,318764,fc9131f40a30b4901632ffb8f1e8f249eec0f55cbe7d78f9e1b97999b1ba3b6b
VSD/ZCH0842.wav,328798,56a6fdfa798b142caec6fd5764f2ef5e6f909d71d8bf8a08f87230d23a3b36b1
VSD/ZCH0843.wav,316844,91e30f294996a686695a5c9349db1fb772f48b7ea008b91754f6a87859ddc1c7
VSD/ZCH0844.wav,326568,281f9e839f54d6a6cec9888a270afcd6a62a1c28cd1ae309fd142fe4aa7eb0ee
VSD/ZCH0845.wav,326568,682e2447fb58a71a6256e06aadb84c0083134eee66b933aaa7c0fccb052f7ae5
VSD/ZCH0846.wav,318764,db2df642eabe0b787ad3ae6585bd1a47e8d5ff2b2b661ac405ce9348a84dd402
VSD/ZCH0847.wav,318124,8e3fe5eaa8f99e9d3c6d2f40f023332d6e83f83763cdd108f469bcd4d8569782
VSD/ZCH0848.wav,326568,2aaa1f2ce6d49021a78b908031b85d68aded333020bf1d017badeb6b02e38817
VSD/ZCH0849.wav,326568,17ebf311227fb046c27900c0daee943149a8450865903bff70716837e747ec0d
VSD/ZCH0850.wav,319404,f048692c88655dc0888101262da3b6517050ac9e5620375571f20cc8051301ab
VSD/ZCH0851.wav,318764,b7eeac2e7b8dd688367a9225264a70b932d9f23958be70e13b4fd346908b35cf
VSD/ZCH0852.wav,318124,9980c482fe2874e4805cbd1a9519102f4aa466ad0baf239de6b0a89ea358be39
VSD/ZCH0853.wav,318124,4eb468143806fbef6a9ffaf39e68fc13ddaf29952c1d95f3d4b8e4d9ff11f2cf
VSD/ZCH0854.wav,317484,531f906381a931543a0cffe2980cabc650aced1fbc0edcc7b867b6ead069d995
VSD/ZCH0855.wav,318124,8c2f61759ebf7c2b16e0957a525919e88c53dcfbb1d42ce75b343493cc40b11e
VSD/ZCH0856.wav,318124,6603a9830c81c6fde8401b8d1db07f2370d2b6743dd314f7c0c2569012602e87
VSD/ZCH0857.wav,319404,8000f7994ce661c10af24169f5da1afb07ce7c9a8929dd5180a440dff47cf2da
VSD/ZCH0858.wav,317484,f28e8443869c6ee4b36969b3afa8897978541697d7ef052a826251c1c06bccb4
VSD/ZCH0859.wav,317484,e1397978cc7b258a8bfb21367927a718889041dfdc217f290e2d1c04d4399e3a
VSD/ZCH0860.wav,317484,48326f14a815e7b2a9960b982c4c49451bfc630a85260c974df7283cf207f4c9
VSD/ZCH0861.wav,319404,25162bf3f35b28565a320eb7428d8f9c49c22670a209d229bbfa8a6d17fb5d23
VSD/ZCH0862.wav,318124,baf441c9c76a12c84abfc630045d9273d7479b5706c844ec214cee316ee08a80
VSD/ZCH0863.wav,318124,bda0395ba81dea6dc299bcade412f68fdb35cb01f4aba0d4185671d2e62a2e49
VSD/ZCH0864.wav,319404,5188f1ba38988f6791328f8cde6d4bbb0c69298f90fa1272729e1dd2f76325df
VSD/ZCH0865.wav,318124,d5db5749cf66c0d6dd5c083134c608bc431e70c502f5bc0779d8437437efdc50
VSD/ZCH0866.wav,317484,5a3d7c656268971864255bf08ee2decaf8962e9a5e81a96bbc8579b12c8b8928
VSD/ZCH0867.wav,317484,76eb5723a61e26289e76aa99c6153e0b176168cbd1cab7b095ee1f5ea88f5009
VSD/ZCH0868.wav,311724,094c28a2e878af71e9bc1afc2488e057b9d7c1b39de8ba4ccce7fe7977108684
VSD/ZCH0869.wav,318124,09a7f7943966cc4bf0d8f52b1a9663b8ee850ed22a578a6308dc38b411640753
VSD/ZCH0870.wav,317484,b75e11d84d3dce9465ca2335cd6e984d3242eb85bd4fceef7d7deaafba792d2e
VSD/ZCH0871.wav,317484,be4e0eb9d237579df8f63d1b2ab5000d64871981c0b6b64920b09000fc76804e
VSD/ZCH0872.wav,317484,f8a4fbf1db3088d453bcf2e36334200a5f2f2a14d0eae610286034a6721ee13b
VSD/ZCH0873.wav,318764,5001e0f0fe809efa78ddeaff2af3317248ca360fcd34b12a02f3ac4714bf85d9
VSD/ZCH0874.wav,317484,1c6e8f8f9b269c7b8ebf526bfd522a64760fec36fef2fe6ddb598e13f33cd2bf
VSD/ZCH0875.wav,317484,7594f04e90ce8361e2fe82ce4fcbd0efbb5238fafd4ff836b6953cbd1465627e
VSD/ZCH0876.wav,317484,8fb6de5468def1df590ce91fe318d51ff2e1b3b3a3a1dbb1815e1882fb751915
VSD/ZCH0877.wav,318764,1f9d61a2288040a2f79044f22f484dff4159e9b39f94844318f3a68580e607ec
VSD/ZCH0878.wav,318124,da9b4c71da69139d3a8ade9d1c843a0ef630c277793c08b239f387fc821e4515
VSD/ZCH0879.wav,318124,89d1d8f11e8d650201659e28e1631689da4aa82a81ca6f01e424728f147ea0ff
VSD/ZCH0880.wav,318124,025a6919f7e15cd11287326c6303021f5666dd8501cfdd18b558b2413b0fcaa9
VSD/ZCH0881.wav,317484,a4b054a5aa5a64a6d97fd6cc792d8914b33e7683c15f7512ba7371d138bf1440
VSD/ZCH0882.wav,318124,fd199cdd94c15cec50d2f7e4c56d3f0bc94775d85d01c0d3c2ba4a07747051de
VSD/ZCH0883.wav,426924,9072db28b743adf699f0b6ba042e8870ea656e2fd1220d01dc62ea22a0c08da6
VSD/ZCH0884.wav,318124,4e76d589878c2c9bd1208f56343ff8fc1796fcd857650306fa387535f5bbf6a0
VSD/ZCH0885.wav,317484,134fbe6074137e093b063043dd12a080cd98d5417a74d2c77f8bd9923111a40f
VSD/ZCH0886.wav,318764,9c78aa5c089b209d2c3ce4f3e6885f7471d8052a41a4e9f63f1796c56025951d
VSD/ZCH0887.wav,317484,be9cea532e7697eb326cc3c26774c1587071a8914e7e03c962e459084c0ffa55
VSD/ZCH0888.wav,318124,3a852defe76856baee3603ddc42d29334b2bba2b1f25a92871e599570670a7f2
VSD/ZCH0889.wav,317484,f4067a11b1a6ae6f6566f35396f26b0027082cd98eeaf6136d3eed59e1e396b7
VSD/ZCH0890.wav,318124,b5c70c748d4eb590bd63df4af3dad2593fe45f7d50426b568e0aedae8f3313cb
VSD/ZCH0891.wav,318764,540b0802761b25e94d51523080da7e55d242141a79c32d3937bf91e20b7c8cb7
VSD/ZCH0892.wav,317484,878c68374a1a411da50edbc7da8c88c74355ffd256c7f22ddfd27a46039d4ffc
VSD/ZCH0893.wav,317484,379007ccafa45e4c4f707479dcd793647d10566844b3aafc3eb61ac4a8b3e457
VSD/ZCH0894.wav,317484,7b4738aa2ef56db226f3e6325c8e8be8e5233fc34f752d1fc6614d560896821e
VSD/ZCH0895.wav,318124,f2c2d354b1d982d6666901befb5b9e4647ac0497e38210243c3460587ea4d5ce
VSD/ZCH0896.wav,318124,cc5b6542f350976f799f3bc4880fb609c44db0057425ed2104a0daf717b31e6c
VSD/ZCH0897.wav,326444,d129d5d3e85a769fd0eb1a1406962e23f5baf3c7538bdaf730b63150c732096a
VSD/ZCH0898.wav,317484,e83df0cd0683d1dfbe1fe14ace940d267ac71985e5d2eb54cda27d6d05ec00c9
VSD/ZCH0899.wav,318124,1245377bb769a95405ac8908f8137dd6bdc6aa314e77de367d2c30c570b62ed8
VSD/ZCH0900.wav,317484,d0190d42ae04d9760e34bddbc49fdbb63d5f239a59cd035ce47ce37ed8a07494
VSD/ZCH0901.wav,318124,cfa5ace9874ba234ed8cbea1e5c3d58ca1a601720587c979003aa5124eb84f0a
VSD/ZCH0902.wav,318124,40f7e9d6d372ff48f544dee0a484d697756a06a442d4a8a9c2d94690b93d63ca
VSD/ZCH0903.wav,318764,c1d321e6ade17ac8f5d7d6eaf2955a667eee4cf42ec96f60c097c69b996ece09
VSD/ZCH0904.wav,318124,ed484f79f0a73e41bc190fa28c06e7b4608886d8dca4b7565bc1ae16b4c30093
VSD/ZCH0905.wav,317484,9b8544db7e91e08b2f42a4cd53065adff2b99ffe09a8b43722d8fa24ea8a9c3d
VSD/ZCH0906.wav,317484,9d16ad7286578aa6613235c1da4cc5ec950a7e4f9317813eeb10f042695209e7
VSD/ZCH0907.wav,317484,903c3ed55522c3af207c8cb893d35044af049ec49992e85971183030a569268e
VSD/ZCH0908.wav,317484,c1067289810d29732f1d0dfb554451931bf09766dd2a674cce533fb3032d628f
VSD/ZCH0909.wav,318124,e2ca0bf0a5166040b2f6aae86aca2eae932441c70a949168f4655a610b035c0f
VSD/ZCH0910.wav,317484,93d4d88f6e44a893ae48da087410407ae2bb30fe179274f27350923db95e73e8
VSD/ZCH0911.wav,319404,a66f496756c21c3b89eeb6915da027ee3bec20f78baa28f1cd2fe1adc1338beb
VSD/ZCH0912.wav,317484,569efde08990b62fe1470563dd24835351d791b3a955f4b82953e5b2185a508d
VSD/ZCH0913.wav,418604,85ba5840dc4a860170b8a39f7431052ff8c7f6b2c68a28045b5985150c0f3820
VSD/ZCH0914.wav,317484,ad524e74c98cc50765e8bea6ac84bec1cb5f1d38662edf4382b47632d268f144
VSD/ZCH0915.wav,318124,af3f1fa6023847ed569a83a3318222eaf0d2e3a0539a845a0a2ad3c4d8626992
VSD/ZCH0916.wav,318124,f027916a488b3adc3b710e9a1f7ee712278dbaba665ab7f6884b78b8f7dad10b
VSD/ZCH0917.wav,318764,744934f9355e2a573f2b370f68ac740848881b53e2aece91b12f05c32f7fc26b
VSD/ZCH0918.wav,355244,2e529cc913a923181854a0f051ba41deba61be089d04ed24b67de0eddc9ade32
VSD/ZCH0919.wav,317484,94407a61a4390f942aeccaa3f7adbefaeb2f1570b57fef4e5669662aff2cec85
VSD/ZCH0920.wav,316844,73460e4e7d152e8394016d4fa7a2a6ddbc08f2ed4d294bc149398f4770babf3a
VSD/ZCH0921.wav,318124,03b2b9be82405dfb2d3d738f0b488ca6f9f58b2ef831b917d02d89b7c613a7be
VSD/ZCH0922.wav,318764,13a13f1565ec62236f104f2a9035220503e1eef3032b3d69986b88632faa41f4
VSD/ZCH0923.wav,318764,54d77e93b08bb9a512cd1bd9f8f57ecfbf40e02a2a19ddb83fa8a7371360719d
VSD/ZCH0924.wav,319404,40e90d7c9e3737fc9c08abc159437fb0568d4534ac9f23f5e2c26af6f7a1bee7
VSD/ZCH0925.wav,318764,d556b5adf14a089a2a362c2cba470a6c7314a24eb6aead95d21b13607ecf2c3a
VSD/ZCH0926.wav,318124,9e70794dbfde48e022c22507f06ae8e3fa0fb9717fe74f7ade4890cd496a207a
VSD/ZCH0927.wav,318124,be37065f1e0419732d7f39d85862dc38b377213405886ece300f454dbc380c32
VSD/ZCH0928.wav,317484,708f1d848fc81238291cd9743b0e33dbc35ec0c74812bc2cd58e3b15923627d6
VSD/ZCH0929.wav,318124,5675f33f7537fe3fafc6b97691af7f920d74bf8f1a3890fc7375af68af1ea36f
VSD/ZCH0930.wav,318124,ea16f5590dcbc8b92e9207a303c0c805b8a56f453f9ff4d2b56515f593501ff0
VSD/ZCH0931.wav,320684,718bef4060b08543ee815b8aced7269a716ece281df93d807802dce60262c206
VSD/ZCH0932.wav,327084,05ba641ffd914edca0c186117a76eacd6c94773b071f3d49f14d5d71a92c91f3
VSD/ZCH0933.wav,318124,94831969341e37106b1126d8b4da660c5d304f92c2836b3baa62017ee34f6c2c
VSD/ZCH0934.wav,318124,f50b6e177e17c5749566e98f8499a3208c2628c839721723e9b16e631b813e4c
VSD/ZCH0935.wav,318764,cda4828828bcb26655c304dca34a86552a21f64dc17112018e4f0e7cd0b6dbec
VSD/ZCH0936.wav,318124,b993d85fb449264dba8ed36bc6fa06445dcf38bd11feae4bb7df506756b73710
VSD/ZCH0937.wav,318124,e534cd989b4866d74fd27da282e4f2afd529fadb417d600e65831e05aadd03f8
VSD/ZCH0938.wav,318124,548a7bafc0e0f994a263ae710d4f9a61fc64f7fb38023efff5e5708c70a27e64
VSD/ZCH0939.wav,318124,423a3bd870e951bbdb59593b706257d5c4a8fdb2df3a293e02cd250d11f602b2
VSD/ZCH0940.wav,318124,dbd9cc9edbe87b2b73eed3b4bab5806a0a8a5e5ad6711120de0d18a4d7a859a9
VSD/ZCH0941.wav,317484,c9b98e30f0178f4595cd1bfc764ebca1486392d0003d1dd67721d5e95173620c
