higher_method,lower_method,ordered_range,mean_difference,alpha_for_range,critical_q,critical_range,reject
Stage25 fixed curriculum,ConvNeXt-Tiny,2,0.059432197846217116,0.050000000000000044,2.896885161188676,0.016062170192789108,True
Stage25 fixed curriculum,DenseNet121,3,0.05956178953176461,0.09750000000000003,3.043847101525109,0.016877020477215888,True
Stage25 fixed curriculum,ResNet50,4,0.06050698502005414,0.1426250000000001,3.138858827792822,0.017403825798347948,True
Stage25 fixed curriculum,EfficientNet-B3,5,0.061638485700375334,0.18549375000000012,3.2064778778452245,0.017778748734461423,True
Stage25 fixed curriculum,ViT-Small/16,6,0.0637888398209343,0.22621906250000023,3.2573691537540537,0.0180609222724143,True
Stage25 fixed curriculum,RegNetY-008,7,0.06802176255329706,0.2649081093750002,3.2970897723029697,0.01828115859515267,True
Stage25 fixed curriculum,Swin-Tiny,8,0.06802224419666436,0.3016627039062503,3.3288849766162643,0.018457451390544354,True
ConvNeXt-Tiny,DenseNet121,2,0.00012959168554749212,0.050000000000000044,2.896885161188676,0.016062170192789108,False
ConvNeXt-Tiny,ResNet50,3,0.0010747871738370218,0.09750000000000003,3.043847101525109,0.016877020477215888,False
ConvNeXt-Tiny,EfficientNet-B3,4,0.0022062878541582176,0.1426250000000001,3.138858827792822,0.017403825798347948,False
ConvNeXt-Tiny,ViT-Small/16,5,0.00435664197471719,0.18549375000000012,3.2064778778452245,0.017778748734461423,False
ConvNeXt-Tiny,RegNetY-008,6,0.008589564707079944,0.22621906250000023,3.2573691537540537,0.0180609222724143,False
ConvNeXt-Tiny,Swin-Tiny,7,0.008590046350447245,0.2649081093750002,3.2970897723029697,0.01828115859515267,False
DenseNet121,ResNet50,2,0.0009451954882895297,0.050000000000000044,2.896885161188676,0.016062170192789108,False
DenseNet121,EfficientNet-B3,3,0.0020766961686107255,0.09750000000000003,3.043847101525109,0.016877020477215888,False
DenseNet121,ViT-Small/16,4,0.004227050289169698,0.1426250000000001,3.138858827792822,0.017403825798347948,False
DenseNet121,RegNetY-008,5,0.008459973021532452,0.18549375000000012,3.2064778778452245,0.017778748734461423,False
DenseNet121,Swin-Tiny,6,0.008460454664899753,0.22621906250000023,3.2573691537540537,0.0180609222724143,False
ResNet50,EfficientNet-B3,2,0.0011315006803211958,0.050000000000000044,2.896885161188676,0.016062170192789108,False
ResNet50,ViT-Small/16,3,0.0032818548008801685,0.09750000000000003,3.043847101525109,0.016877020477215888,False
ResNet50,RegNetY-008,4,0.007514777533242922,0.1426250000000001,3.138858827792822,0.017403825798347948,False
ResNet50,Swin-Tiny,5,0.007515259176610223,0.18549375000000012,3.2064778778452245,0.017778748734461423,False
EfficientNet-B3,ViT-Small/16,2,0.0021503541205589727,0.050000000000000044,2.896885161188676,0.016062170192789108,False
EfficientNet-B3,RegNetY-008,3,0.0063832768529217265,0.09750000000000003,3.043847101525109,0.016877020477215888,False
EfficientNet-B3,Swin-Tiny,4,0.006383758496289027,0.1426250000000001,3.138858827792822,0.017403825798347948,False
ViT-Small/16,RegNetY-008,2,0.004232922732362754,0.050000000000000044,2.896885161188676,0.016062170192789108,False
ViT-Small/16,Swin-Tiny,3,0.004233404375730054,0.09750000000000003,3.043847101525109,0.016877020477215888,False
RegNetY-008,Swin-Tiny,2,4.816433673004994e-07,0.050000000000000044,2.896885161188676,0.016062170192789108,False
