method,fold,n,accuracy,macro_f1
Stage25 fixed curriculum,0,190,0.8421052631578947,0.6893222048190186
Stage25 fixed curriculum,1,190,0.8210526315789474,0.6372137518684604
Stage25 fixed curriculum,2,188,0.8191489361702128,0.6553062045565453
Stage25 fixed curriculum,3,187,0.8288770053475936,0.613758425744727
Stage25 fixed curriculum,4,186,0.8440860215053764,0.6340847258321365
ConvNeXt-Tiny,0,190,0.7684210526315789,0.4676349260653058
ConvNeXt-Tiny,1,190,0.7473684210526316,0.46765126197247275
ConvNeXt-Tiny,2,188,0.776595744680851,0.5382183908045978
ConvNeXt-Tiny,3,187,0.7754010695187166,0.5363129363129364
ConvNeXt-Tiny,4,186,0.7903225806451613,0.47976539589442807
Swin-Tiny,0,190,0.7578947368421053,0.4694931888330295
Swin-Tiny,1,190,0.7684210526315789,0.4903992613214293
Swin-Tiny,2,188,0.7659574468085106,0.4909650579848863
Swin-Tiny,3,187,0.7433155080213903,0.44627686472819217
Swin-Tiny,4,186,0.7795698924731183,0.5183274879845609
DenseNet121,0,190,0.7894736842105263,0.4971863788939541
DenseNet121,1,190,0.7684210526315789,0.5081103052474163
DenseNet121,2,188,0.7553191489361702,0.47384469420522546
DenseNet121,3,187,0.7700534759358288,0.49583599275634677
DenseNet121,4,186,0.7741935483870968,0.4802512658594999
EfficientNet-B3,0,190,0.7631578947368421,0.462014157014157
EfficientNet-B3,1,190,0.7842105263157895,0.5456630520727437
EfficientNet-B3,2,188,0.7393617021276596,0.48359362458433675
EfficientNet-B3,3,187,0.7754010695187166,0.5067408440455978
EfficientNet-B3,4,186,0.7849462365591398,0.465979029257568
ViT-Small/16,0,190,0.7736842105263158,0.502251931455451
ViT-Small/16,1,190,0.7736842105263158,0.5639227597513106
ViT-Small/16,2,188,0.7553191489361702,0.45688123535657166
ViT-Small/16,3,187,0.7433155080213903,0.46140248317177407
ViT-Small/16,4,186,0.7903225806451613,0.5536714592421916
RegNetY-008,0,190,0.7631578947368421,0.4390700657367324
RegNetY-008,1,190,0.7736842105263158,0.5089501901006297
RegNetY-008,2,188,0.7446808510638298,0.4369104579630895
RegNetY-008,3,187,0.7433155080213903,0.44032457826179805
RegNetY-008,4,186,0.7903225806451613,0.4805522121311595
ResNet50,0,190,0.7736842105263158,0.49777352400700686
ResNet50,1,190,0.7526315789473684,0.48146846141236044
ResNet50,2,188,0.7553191489361702,0.4817662224707234
ResNet50,3,187,0.7754010695187166,0.4930955710955711
ResNet50,4,186,0.7956989247311828,0.5432132811544577
