metric,method,n_folds,statistic,p
accuracy,Stage25 fixed curriculum,5,0.8709217995818627,0.2701763973494792
accuracy,ConvNeXt-Tiny,5,0.9436626892158528,0.6919358337080478
accuracy,Swin-Tiny,5,0.9769788277920435,0.9178479038748855
accuracy,DenseNet121,5,0.9615796458452235,0.8189384804371265
accuracy,EfficientNet-B3,5,0.8702150133338006,0.2672954934825489
accuracy,ViT-Small/16,5,0.9566906844534666,0.7847720169058613
accuracy,RegNetY-008,5,0.9234488341664167,0.5524282412782267
accuracy,ResNet50,5,0.9191462229706924,0.5244468757132472
macro_f1,Stage25 fixed curriculum,5,0.9506352914639103,0.7417265435808365
macro_f1,ConvNeXt-Tiny,5,0.7660803562831936,0.04165249282662151
macro_f1,Swin-Tiny,5,0.972123258202852,0.8886984044965153
macro_f1,DenseNet121,5,0.9441315059084228,0.6952756662331601
macro_f1,EfficientNet-B3,5,0.9031689155042224,0.42764730828188013
macro_f1,ViT-Small/16,5,0.8700052563991552,0.2664450550763473
macro_f1,RegNetY-008,5,0.8037133071699958,0.08685240019101219
macro_f1,ResNet50,5,0.7770964654785613,0.05203401888835417
