method_1,method_2,mean_difference,ci_low,ci_high,q,p_adjusted,reject
Stage25 fixed curriculum,ConvNeXt-Tiny,0.14802048035422932,0.0811624134616245,0.21487854724683414,10.239056960602387,1.7991503210579296e-06,True
Stage25 fixed curriculum,Swin-Tiny,0.16284469039375787,0.09598662350115306,0.2297027572863627,11.26449567440352,2.9333904161266133e-07,True
Stage25 fixed curriculum,DenseNet121,0.15489133517168902,0.0880332682790842,0.22174940206429383,10.714336284623235,7.703446825990667e-07,True
Stage25 fixed curriculum,EfficientNet-B3,0.15313892116929684,0.08628085427669202,0.21999698806190165,10.593116121399126,9.552450840333293e-07,True
Stage25 fixed curriculum,ViT-Small/16,0.13831108876871778,0.07145302187611297,0.2051691556613226,9.567426837129371,6.089226564531813e-06,True
Stage25 fixed curriculum,RegNetY-008,0.18477556172549559,0.11791749483289077,0.2516336286181004,12.78152521128874,2.2556337131440785e-08,True
Stage25 fixed curriculum,ResNet50,0.14647365053615363,0.07961558364354882,0.21333171742875845,10.132057722539297,2.181463076733614e-06,True
ConvNeXt-Tiny,Swin-Tiny,0.014824210039528551,-0.052033856853076266,0.08168227693213337,1.0254387138011318,0.9954250718530355,False
ConvNeXt-Tiny,DenseNet121,0.006870854817459693,-0.059987212075145124,0.07372892171006451,0.4752793240208466,0.9999698616019734,False
ConvNeXt-Tiny,EfficientNet-B3,0.005118440815067515,-0.0617396260775373,0.07197650770767233,0.3540591607967375,0.9999959851834601,False
ConvNeXt-Tiny,ViT-Small/16,-0.00970939158551154,-0.07656745847811636,0.05714867530709328,0.671630123473016,0.9996932074990215,False
ConvNeXt-Tiny,RegNetY-008,0.03675508137126626,-0.030102985521338554,0.10361314826387108,2.542468250686352,0.6265623461459242,False
ConvNeXt-Tiny,ResNet50,-0.00154682981807569,-0.06840489671068051,0.06531123707452913,0.10699923806309067,0.9999999990267198,False
Swin-Tiny,DenseNet121,-0.007953355222068859,-0.07481142211467368,0.05890471167053596,0.5501593897802852,0.9999189085843657,False
Swin-Tiny,EfficientNet-B3,-0.009705769224461036,-0.07656383611706585,0.05715229766814378,0.6713795530043943,0.9996939623066818,False
Swin-Tiny,ViT-Small/16,-0.02453360162504009,-0.09139166851764491,0.042324465267564726,1.6970688372741478,0.9251992465765213,False
Swin-Tiny,RegNetY-008,0.02193087133173771,-0.044927195560867106,0.08878893822434253,1.5170295368852202,0.9573745837583423,False
Swin-Tiny,ResNet50,-0.01637103985760424,-0.08322910675020906,0.050487027035000576,1.1324379518642225,0.991684667565032,False
DenseNet121,EfficientNet-B3,-0.0017524140023921775,-0.068610480894997,0.06510565289021264,0.12122016322410911,0.9999999976721478,False
DenseNet121,ViT-Small/16,-0.016580246402971233,-0.08343831329557605,0.050277820489633585,1.1469094474938626,0.9910360298471846,False
DenseNet121,RegNetY-008,0.02988422655380657,-0.03697384033879825,0.09674229344641139,2.0671889266655055,0.8204124658680011,False
DenseNet121,ResNet50,-0.008417684635535383,-0.0752757515281402,0.058440382257069434,0.5822785620839372,0.9998813058472302,False
EfficientNet-B3,ViT-Small/16,-0.014827832400579055,-0.08168589929318387,0.05203023449202576,1.0256892842697536,0.9954182403103936,False
EfficientNet-B3,RegNetY-008,0.03163664055619875,-0.03522142633640607,0.09849470744880356,2.1884090898896145,0.7757508495520196,False
EfficientNet-B3,ResNet50,-0.0066652706331432054,-0.07352333752574802,0.06019279625946161,0.46105839885982813,0.9999754887722295,False
ViT-Small/16,RegNetY-008,0.0464644729567778,-0.020393593935827015,0.11332253984938262,3.2140983741593683,0.3425001713415279,False
ViT-Small/16,ResNet50,0.00816256176743585,-0.05869550512516897,0.07502062866004067,0.5646308854099253,0.9999034433265471,False
RegNetY-008,ResNet50,-0.03830191118934195,-0.10515997808194677,0.028556155703262864,2.6494674887494427,0.5788275265479061,False
