method,n,metric,estimate,ci_level,ci_method,n_resamples,seed,ci_lower,ci_upper
Stage25 fixed curriculum,941,accuracy,0.8310308182784272,0.95,recording-level percentile bootstrap,10000,20260826,0.8065887353878852,0.8544102019128587
Stage25 fixed curriculum,941,macro_f1,0.6499040704282716,0.95,recording-level percentile bootstrap,10000,20260826,0.5997453007722144,0.6942606488903783
Stage25 fixed curriculum,941,f1_ASD,0.48826291079812206,0.95,recording-level percentile bootstrap,10000,20260826,0.40384389671361504,0.5666666666666667
Stage25 fixed curriculum,941,f1_NORMAL,0.9401088929219601,0.95,recording-level percentile bootstrap,10000,20260826,0.9250930266399194,0.9540441176470589
Stage25 fixed curriculum,941,f1_PDA,0.4230769230769231,0.95,recording-level percentile bootstrap,10000,20260826,0.23529411764705882,0.5833333333333334
Stage25 fixed curriculum,941,f1_PFO,0.5,0.95,recording-level percentile bootstrap,10000,20260826,0.4,0.5917257085020242
Stage25 fixed curriculum,941,f1_VSD,0.8980716253443526,0.95,recording-level percentile bootstrap,10000,20260826,0.8630940845330382,0.9294117647058824
Stage26 multimodal,941,accuracy,0.8299681190223167,0.95,recording-level percentile bootstrap,10000,20260826,0.8055260361317748,0.8533475026567482
Stage26 multimodal,941,macro_f1,0.6547865947302501,0.95,recording-level percentile bootstrap,10000,20260826,0.6049978420529096,0.6984010330546916
Stage26 multimodal,941,f1_ASD,0.4928909952606635,0.95,recording-level percentile bootstrap,10000,20260826,0.4086933146330061,0.5726872246696035
Stage26 multimodal,941,f1_NORMAL,0.9371011850501367,0.95,recording-level percentile bootstrap,10000,20260826,0.9217379564043361,0.9514388489208633
Stage26 multimodal,941,f1_PDA,0.4230769230769231,0.95,recording-level percentile bootstrap,10000,20260826,0.23529411764705882,0.5833333333333334
Stage26 multimodal,941,f1_PFO,0.5283018867924528,0.95,recording-level percentile bootstrap,10000,20260826,0.42974900520355064,0.61728809346259
Stage26 multimodal,941,f1_VSD,0.8925619834710744,0.95,recording-level percentile bootstrap,10000,20260826,0.8563532020854409,0.9243697478991597
ConvNeXt-Tiny,941,accuracy,0.7715196599362381,0.95,recording-level percentile bootstrap,10000,20260826,0.7449521785334751,0.798087141339001
ConvNeXt-Tiny,941,macro_f1,0.5035335001216686,0.95,recording-level percentile bootstrap,10000,20260826,0.46825812232470315,0.5389415874109366
ConvNeXt-Tiny,941,f1_ASD,0.3469387755102041,0.95,recording-level percentile bootstrap,10000,20260826,0.2598870056497175,0.43119266055045874
ConvNeXt-Tiny,941,f1_NORMAL,0.921832884097035,0.95,recording-level percentile bootstrap,10000,20260826,0.904671878581069,0.9375
ConvNeXt-Tiny,941,f1_PDA,0.045454545454545456,0.95,recording-level percentile bootstrap,10000,20260826,0.0,0.14634146341463414
ConvNeXt-Tiny,941,f1_PFO,0.4342105263157895,0.95,recording-level percentile bootstrap,10000,20260826,0.33093525179856115,0.5298013245033113
ConvNeXt-Tiny,941,f1_VSD,0.7692307692307693,0.95,recording-level percentile bootstrap,10000,20260826,0.7192960850401866,0.8137940205429199
Swin-Tiny,941,accuracy,0.7630180658873539,0.95,recording-level percentile bootstrap,10000,20260826,0.7353613177470776,0.7895855472901169
Swin-Tiny,941,macro_f1,0.4860842603480549,0.95,recording-level percentile bootstrap,10000,20260826,0.45130437503913906,0.5216677903240734
Swin-Tiny,941,f1_ASD,0.27835051546391754,0.95,recording-level percentile bootstrap,10000,20260826,0.19487179487179487,0.36065573770491804
Swin-Tiny,941,f1_NORMAL,0.9219730941704036,0.95,recording-level percentile bootstrap,10000,20260826,0.9048050770625566,0.9377738825591586
Swin-Tiny,941,f1_PDA,0.04878048780487805,0.95,recording-level percentile bootstrap,10000,20260826,0.0,0.15392156862744988
Swin-Tiny,941,f1_PFO,0.4125,0.95,recording-level percentile bootstrap,10000,20260826,0.3116883116883117,0.5030674846625767
Swin-Tiny,941,f1_VSD,0.7688172043010753,0.95,recording-level percentile bootstrap,10000,20260826,0.7182283707534971,0.8148148148148148
DenseNet121,941,accuracy,0.7715196599362381,0.95,recording-level percentile bootstrap,10000,20260826,0.7438894792773645,0.798087141339001
DenseNet121,941,macro_f1,0.49304805669009416,0.95,recording-level percentile bootstrap,10000,20260826,0.46187067891404265,0.5226125378940901
DenseNet121,941,f1_ASD,0.30303030303030304,0.95,recording-level percentile bootstrap,10000,20260826,0.2159090909090909,0.38461538461538464
DenseNet121,941,f1_NORMAL,0.928377153218495,0.95,recording-level percentile bootstrap,10000,20260826,0.9119266055045872,0.9435989256938228
DenseNet121,941,f1_PDA,0.0,0.95,recording-level percentile bootstrap,10000,20260826,0.0,0.0
DenseNet121,941,f1_PFO,0.4528301886792453,0.95,recording-level percentile bootstrap,10000,20260826,0.35134619352176605,0.5419354838709678
DenseNet121,941,f1_VSD,0.7810026385224275,0.95,recording-level percentile bootstrap,10000,20260826,0.7318401689603488,0.8257372654155496
EfficientNet-B3,941,accuracy,0.769394261424017,0.95,recording-level percentile bootstrap,10000,20260826,0.7417640807651434,0.79596174282678
EfficientNet-B3,941,macro_f1,0.4985749828720767,0.95,recording-level percentile bootstrap,10000,20260826,0.46272058834455154,0.5347018754572023
EfficientNet-B3,941,f1_ASD,0.32085561497326204,0.95,recording-level percentile bootstrap,10000,20260826,0.23279808047249906,0.40414783375592545
EfficientNet-B3,941,f1_NORMAL,0.9223826714801444,0.95,recording-level percentile bootstrap,10000,20260826,0.9054159211610009,0.9382940108892922
EfficientNet-B3,941,f1_PDA,0.046511627906976744,0.95,recording-level percentile bootstrap,10000,20260826,0.0,0.15002358490566003
EfficientNet-B3,941,f1_PFO,0.4375,0.95,recording-level percentile bootstrap,10000,20260826,0.33587786259541985,0.5306122448979592
EfficientNet-B3,941,f1_VSD,0.765625,0.95,recording-level percentile bootstrap,10000,20260826,0.7154471544715447,0.8113695090439277
ViT-Small/16,941,accuracy,0.767268862911796,0.95,recording-level percentile bootstrap,10000,20260826,0.7396386822529224,0.793836344314559
ViT-Small/16,941,macro_f1,0.5133746656441494,0.95,recording-level percentile bootstrap,10000,20260826,0.4731992134464844,0.5540119279620941
ViT-Small/16,941,f1_ASD,0.3474178403755869,0.95,recording-level percentile bootstrap,10000,20260826,0.2626179831097864,0.42718446601941745
ViT-Small/16,941,f1_NORMAL,0.9226618705035972,0.95,recording-level percentile bootstrap,10000,20260826,0.9056931108574499,0.9383382606779536
ViT-Small/16,941,f1_PDA,0.11538461538461539,0.95,recording-level percentile bootstrap,10000,20260826,0.0,0.2413793103448276
ViT-Small/16,941,f1_PFO,0.4142857142857143,0.95,recording-level percentile bootstrap,10000,20260826,0.3076923076923077,0.5103521643433602
ViT-Small/16,941,f1_VSD,0.7671232876712328,0.95,recording-level percentile bootstrap,10000,20260826,0.7159075384997516,0.8136502238690752
RegNetY-008,941,accuracy,0.7630180658873539,0.95,recording-level percentile bootstrap,10000,20260826,0.7353878852284803,0.7896121147715192
RegNetY-008,941,macro_f1,0.46944963680912777,0.95,recording-level percentile bootstrap,10000,20260826,0.43847382373575344,0.49972172337621534
RegNetY-008,941,f1_ASD,0.28717948717948716,0.95,recording-level percentile bootstrap,10000,20260826,0.20224719101123595,0.3671497584541063
RegNetY-008,941,f1_NORMAL,0.9250225835591689,0.95,recording-level percentile bootstrap,10000,20260826,0.9082483781278962,0.9405686948052803
RegNetY-008,941,f1_PDA,0.0,0.95,recording-level percentile bootstrap,10000,20260826,0.0,0.0
RegNetY-008,941,f1_PFO,0.36231884057971014,0.95,recording-level percentile bootstrap,10000,20260826,0.25372608787050666,0.4605283094098883
RegNetY-008,941,f1_VSD,0.7727272727272727,0.95,recording-level percentile bootstrap,10000,20260826,0.7242336492922653,0.8174807197943444
ResNet50,941,accuracy,0.7704569606801275,0.95,recording-level percentile bootstrap,10000,20260826,0.742826780021254,0.7970244420828907
ResNet50,941,macro_f1,0.5006451994007739,0.95,recording-level percentile bootstrap,10000,20260826,0.46403387966742005,0.5372800196271468
ResNet50,941,f1_ASD,0.3111111111111111,0.95,recording-level percentile bootstrap,10000,20260826,0.22885572139303484,0.3884297520661157
ResNet50,941,f1_NORMAL,0.9296028880866426,0.95,recording-level percentile bootstrap,10000,20260826,0.9132072196016772,0.9445910290237467
ResNet50,941,f1_PDA,0.05128205128205128,0.95,recording-level percentile bootstrap,10000,20260826,0.0,0.16216216216216217
ResNet50,941,f1_PFO,0.4411764705882353,0.95,recording-level percentile bootstrap,10000,20260826,0.3333333333333333,0.5423728813559322
ResNet50,941,f1_VSD,0.7700534759358288,0.95,recording-level percentile bootstrap,10000,20260826,0.72,0.815644517041165
