method,true_label,pred_ASD,pred_NORMAL,pred_PDA,pred_PFO,pred_VSD,support
Stage25 fixed curriculum,ASD,52,31,5,27,4,119
Stage25 fixed curriculum,NORMAL,5,518,1,8,1,533
Stage25 fixed curriculum,PDA,9,5,11,0,7,32
Stage25 fixed curriculum,PFO,22,8,1,38,1,70
Stage25 fixed curriculum,VSD,6,7,2,9,163,187
Stage26 multimodal,ASD,52,30,4,28,5,119
Stage26 multimodal,NORMAL,5,514,1,12,1,533
Stage26 multimodal,PDA,8,6,11,0,7,32
Stage26 multimodal,PFO,19,7,1,42,1,70
Stage26 multimodal,VSD,8,7,3,7,162,187
ConvNeXt-Tiny,ASD,34,35,3,29,18,119
ConvNeXt-Tiny,NORMAL,7,513,4,5,4,533
ConvNeXt-Tiny,PDA,3,6,1,3,19,32
ConvNeXt-Tiny,PFO,21,12,0,33,4,70
ConvNeXt-Tiny,VSD,12,14,4,12,145,187
Swin-Tiny,ASD,27,37,4,31,20,119
Swin-Tiny,NORMAL,8,514,0,10,1,533
Swin-Tiny,PDA,6,6,1,4,15,32
Swin-Tiny,PFO,21,9,1,33,6,70
Swin-Tiny,VSD,13,16,3,12,143,187
DenseNet121,ASD,30,35,5,33,16,119
DenseNet121,NORMAL,9,512,1,9,2,533
DenseNet121,PDA,6,4,0,2,20,32
DenseNet121,PFO,21,6,1,36,6,70
DenseNet121,VSD,13,13,4,9,148,187
EfficientNet-B3,ASD,30,37,5,25,22,119
EfficientNet-B3,NORMAL,4,511,2,15,1,533
EfficientNet-B3,PDA,7,3,1,3,18,32
EfficientNet-B3,PFO,17,9,0,35,9,70
EfficientNet-B3,VSD,10,15,3,12,147,187
ViT-Small/16,ASD,37,35,10,25,12,119
ViT-Small/16,NORMAL,7,513,1,9,3,533
ViT-Small/16,PDA,7,4,3,0,18,32
ViT-Small/16,PFO,24,11,1,29,5,70
ViT-Small/16,VSD,19,16,5,7,140,187
RegNetY-008,ASD,28,35,7,26,23,119
RegNetY-008,NORMAL,6,512,3,7,5,533
RegNetY-008,PDA,4,6,0,2,20,32
RegNetY-008,PFO,25,10,2,25,8,70
RegNetY-008,VSD,13,11,2,8,153,187
ResNet50,ASD,35,33,5,23,23,119
ResNet50,NORMAL,12,515,0,4,2,533
ResNet50,PDA,9,5,1,1,16,32
ResNet50,PFO,28,10,0,30,2,70
ResNet50,VSD,22,12,1,8,144,187
