method_1,method_2,method_1_only_correct,method_2_only_correct,discordant,exact_two_sided_p,holm_adjusted_p,reject_holm_0.05
Stage25 fixed curriculum,Stage26 multimodal,8,7,15,1.0,1.0,False
Stage25 fixed curriculum,ConvNeXt-Tiny,81,25,106,4.479374517567823e-08,1.3886061004460251e-06,True
Stage25 fixed curriculum,Swin-Tiny,90,26,116,1.8946406567560375e-09,6.631242298646131e-08,True
Stage25 fixed curriculum,DenseNet121,84,28,112,1.110699954554178e-07,2.887819881840863e-06,True
Stage25 fixed curriculum,EfficientNet-B3,86,28,114,4.842132602853125e-08,1.4526397808559376e-06,True
Stage25 fixed curriculum,ViT-Small/16,89,29,118,2.8230349944117135e-08,9.033711982117483e-07,True
Stage25 fixed curriculum,RegNetY-008,89,25,114,1.3151843662610907e-09,4.734663718539927e-08,True
Stage25 fixed curriculum,ResNet50,86,29,115,9.758911934869407e-08,2.63490622241474e-06,True
Stage26 multimodal,ConvNeXt-Tiny,80,25,105,6.880761307711572e-08,1.92661316615924e-06,True
Stage26 multimodal,Swin-Tiny,91,28,119,5.8019739897429865e-09,1.9726711565126154e-07,True
Stage26 multimodal,DenseNet121,85,30,115,2.860656604093182e-07,6.579510189414318e-06,True
Stage26 multimodal,EfficientNet-B3,88,31,119,1.6687156880083647e-07,4.004917651220075e-06,True
Stage26 multimodal,ViT-Small/16,89,30,119,5.688286850783913e-08,1.6496031867273349e-06,True
Stage26 multimodal,RegNetY-008,93,30,123,1.0837914423674377e-08,3.5765117598125443e-07,True
Stage26 multimodal,ResNet50,84,28,112,1.110699954554178e-07,2.887819881840863e-06,True
ConvNeXt-Tiny,Swin-Tiny,44,36,80,0.4340422553454787,1.0,False
ConvNeXt-Tiny,DenseNet121,40,40,80,1.0,1.0,False
ConvNeXt-Tiny,EfficientNet-B3,47,45,92,0.917040519652471,1.0,False
ConvNeXt-Tiny,ViT-Small/16,45,41,86,0.7465343822890573,1.0,False
ConvNeXt-Tiny,RegNetY-008,50,42,92,0.4657074457730625,1.0,False
ConvNeXt-Tiny,ResNet50,44,43,87,1.0,1.0,False
Swin-Tiny,DenseNet121,31,39,70,0.40296307504607976,1.0,False
Swin-Tiny,EfficientNet-B3,42,48,90,0.5984117182335187,1.0,False
Swin-Tiny,ViT-Small/16,37,41,78,0.7343420330298468,1.0,False
Swin-Tiny,RegNetY-008,38,38,76,1.0,1.0,False
Swin-Tiny,ResNet50,36,43,79,0.49989687686032663,1.0,False
DenseNet121,EfficientNet-B3,44,42,86,0.9142116370824501,1.0,False
DenseNet121,ViT-Small/16,43,39,82,0.7406528413457828,1.0,False
DenseNet121,RegNetY-008,40,32,72,0.4095793959270717,1.0,False
DenseNet121,ResNet50,41,40,81,1.0,1.0,False
EfficientNet-B3,ViT-Small/16,43,41,84,0.9132023622245966,1.0,False
EfficientNet-B3,RegNetY-008,39,33,72,0.5559977177609708,1.0,False
EfficientNet-B3,ResNet50,43,44,87,1.0,1.0,False
ViT-Small/16,RegNetY-008,45,41,86,0.7465343822890573,1.0,False
ViT-Small/16,ResNet50,37,40,77,0.8198929037490487,1.0,False
RegNetY-008,ResNet50,38,45,83,0.5104099416812344,1.0,False
